Age,JobSatisfaction,MonthlyIncome,YearsSinceLastPromotion,Human Resources,Research & Development,Sales,Female,Male,Healthcare Representative,Human Resources,Laboratory Technician,Manager,Manufacturing Director,Research Director,Research Scientist,Sales Executive,Sales Representative,Divorced,Married,Single
41,4,5993,0,0,0,1,1,0,0,0,0,0,0,0,0,1,0,0,0,1
49,2,5130,1,0,1,0,0,1,0,0,0,0,0,0,1,0,0,0,1,0
37,3,2090,0,0,1,0,0,1,0,0,1,0,0,0,0,0,0,0,0,1
33,3,2909,3,0,1,0,1,0,0,0,0,0,0,0,1,0,0,0,1,0
27,2,3468,2,0,1,0,0,1,0,0,1,0,0,0,0,0,0,0,1,0
32,4,3068,3,0,1,0,0,1,0,0,1,0,0,0,0,0,0,0,0,1
59,1,2670,0,0,1,0,1,0,0,0,1,0,0,0,0,0,0,0,1,0
30,3,2693,0,0,1,0,0,1,0,0,1,0,0,0,0,0,0,1,0,0
38,3,9526,1,0,1,0,0,1,0,0,0,0,1,0,0,0,0,0,0,1
36,3,5237,7,0,1,0,0,1,1,0,0,0,0,0,0,0,0,0,1,0
35,2,2426,0,0,1,0,0,1,0,0,1,0,0,0,0,0,0,0,1,0
29,3,4193,0,0,1,0,1,0,0,0,1,0,0,0,0,0,0,0,0,1
31,3,2911,4,0,1,0,0,1,0,0,0,0,0,0,1,0,0,1,0,0
34,4,2661,1,0,1,0,0,1,0,0,1,0,0,0,0,0,0,1,0,0
28,3,2028,0,0,1,0,0,1,0,0,1,0,0,0,0,0,0,0,0,1
29,1,9980,8,0,1,0,1,0,0,0,0,0,1,0,0,0,0,1,0,0
32,2,3298,0,0,1,0,0,1,0,0,0,0,0,0,1,0,0,1,0,0
22,4,2935,0,0,1,0,0,1,0,0,1,0,0,0,0,0,0,1,0,0
53,4,15427,3,0,0,1,1,0,0,0,0,1,0,0,0,0,0,0,1,0
38,4,3944,1,0,1,0,0,1,0,0,0,0,0,0,1,0,0,0,0,1
24,3,4011,1,0,1,0,1,0,0,0,0,0,1,0,0,0,0,1,0,0
36,1,3407,0,0,0,1,0,1,0,0,0,0,0,0,0,0,1,0,0,1
34,2,11994,2,0,1,0,1,0,0,0,0,0,0,1,0,0,0,0,0,1
21,4,1232,0,0,1,0,0,1,0,0,0,0,0,0,1,0,0,0,0,1
34,1,2960,1,0,1,0,0,1,0,0,0,0,0,0,1,0,0,0,0,1
53,3,19094,4,0,1,0,1,0,0,0,0,1,0,0,0,0,0,1,0,0
32,1,3919,6,0,1,0,1,0,0,0,0,0,0,0,1,0,0,0,0,1
42,2,6825,4,0,0,1,0,1,0,0,0,0,0,0,0,1,0,0,1,0
44,4,10248,5,0,1,0,1,0,1,0,0,0,0,0,0,0,0,0,1,0
46,1,18947,2,0,0,1,1,0,0,0,0,1,0,0,0,0,0,0,0,1
33,4,2496,0,0,1,0,0,1,0,0,1,0,0,0,0,0,0,0,0,1
44,4,6465,1,0,1,0,0,1,1,0,0,0,0,0,0,0,0,0,1,0
30,3,2206,1,0,1,0,0,1,0,0,1,0,0,0,0,0,0,0,0,1
39,4,2086,0,0,0,1,0,1,0,0,0,0,0,0,0,0,1,0,1,0
24,4,2293,2,0,1,0,0,1,0,0,0,0,0,0,1,0,0,0,1,0
43,3,2645,1,0,1,0,1,0,0,0,0,0,0,0,1,0,0,1,0,0
50,3,2683,0,0,0,1,0,1,0,0,0,0,0,0,0,0,1,0,1,0
35,4,2014,2,0,0,1,1,0,0,0,0,0,0,0,0,0,1,0,1,0
36,1,3419,0,0,1,0,1,0,0,0,0,0,0,0,1,0,0,0,1,0
33,1,5376,1,0,0,1,1,0,0,0,0,0,0,0,0,1,0,0,1,0
35,4,1951,0,0,1,0,0,1,0,0,1,0,0,0,0,0,0,1,0,0
27,1,2341,0,0,1,0,1,0,0,0,1,0,0,0,0,0,0,1,0,0
26,3,2293,0,0,1,0,0,1,0,0,1,0,0,0,0,0,0,0,0,1
27,3,8726,1,0,0,1,0,1,0,0,0,0,0,0,0,1,0,0,0,1
30,4,4011,3,0,1,0,1,0,0,0,1,0,0,0,0,0,0,0,0,1
41,3,19545,15,0,1,0,1,0,0,0,0,0,0,1,0,0,0,0,1,0
34,3,4568,8,0,0,1,0,1,0,0,0,0,0,0,0,1,0,0,0,1
37,2,3022,0,0,1,0,0,1,0,0,0,0,0,0,1,0,0,0,1,0
46,4,5772,0,0,0,1,0,1,0,0,0,0,0,0,0,1,0,0,0,1
35,4,2269,0,0,1,0,0,1,0,0,1,0,0,0,0,0,0,0,1,0
48,3,5381,0,0,1,0,0,1,0,0,1,0,0,0,0,0,0,0,0,1
28,3,3441,2,0,1,0,0,1,0,0,1,0,0,0,0,0,0,0,0,1
44,1,5454,1,0,0,1,1,0,0,0,0,0,0,0,0,1,0,1,0,0
35,1,9884,2,0,1,0,0,1,1,0,0,0,0,0,0,0,0,0,1,0
26,4,4157,0,0,0,1,1,0,0,0,0,0,0,0,0,1,0,0,1,0
33,4,13458,8,0,1,0,1,0,0,0,0,0,0,1,0,0,0,0,0,1
35,1,9069,1,0,0,1,0,1,0,0,0,0,0,0,0,1,0,0,1,0
35,1,4014,2,0,1,0,1,0,0,0,1,0,0,0,0,0,0,0,1,0
31,4,5915,1,0,1,0,0,1,0,0,1,0,0,0,0,0,0,1,0,0
37,3,5993,0,0,1,0,0,1,0,0,0,0,1,0,0,0,0,1,0,0
32,4,6162,7,0,1,0,0,1,0,0,0,0,1,0,0,0,0,0,1,0
38,4,2406,9,0,1,0,1,0,0,0,1,0,0,0,0,0,0,0,0,1
50,3,18740,13,0,1,0,1,0,0,0,0,0,0,1,0,0,0,1,0,0
59,1,7637,7,0,0,1,1,0,0,0,0,0,0,0,0,1,0,0,0,1
36,3,10096,12,0,1,0,1,0,1,0,0,0,0,0,0,0,0,1,0,0
55,3,14756,0,0,1,0,1,0,0,0,0,1,0,0,0,0,0,1,0,0
36,2,6499,0,0,1,0,0,1,0,0,0,0,1,0,0,0,0,0,0,1
45,1,9724,0,0,1,0,0,1,0,0,0,0,0,0,1,0,0,1,0,0
35,1,2194,1,0,1,0,0,1,0,0,0,0,0,0,1,0,0,0,1,0
36,3,3388,0,0,1,0,0,1,0,0,0,0,0,0,1,0,0,0,1,0
59,3,5473,1,0,0,1,1,0,0,0,0,0,0,0,0,1,0,0,0,1
29,2,2703,0,0,1,0,0,1,0,0,0,0,0,0,1,0,0,0,1,0
31,2,2501,1,0,1,0,0,1,0,0,0,0,0,0,1,0,0,0,0,1
32,2,6220,0,0,1,0,0,1,0,0,0,0,0,0,1,0,0,0,1,0
36,4,3038,0,0,1,0,1,0,0,0,1,0,0,0,0,0,0,0,1,0
31,4,4424,1,0,1,0,1,0,0,0,0,0,1,0,0,0,0,0,0,1
35,1,4312,2,0,0,1,0,1,0,0,0,0,0,0,0,1,0,0,0,1
45,1,13245,0,0,1,0,0,1,0,0,0,0,0,1,0,0,0,0,1,0
37,3,13664,0,0,1,0,0,1,0,0,0,0,0,1,0,0,0,0,0,1
46,2,5021,0,1,0,0,0,1,0,1,0,0,0,0,0,0,0,1,0,0
30,4,5126,3,0,1,0,0,1,0,0,1,0,0,0,0,0,0,0,1,0
35,3,2859,0,0,1,0,0,1,0,0,0,0,0,0,1,0,0,0,0,1
55,4,10239,1,0,0,1,0,1,0,0,0,0,0,0,0,1,0,0,1,0
38,4,5329,1,0,1,0,1,0,0,0,0,0,0,0,1,0,0,1,0,0
34,2,4325,1,0,1,0,0,1,0,0,0,0,1,0,0,0,0,0,1,0
56,4,7260,0,0,1,0,0,1,0,0,0,0,1,0,0,0,0,0,0,1
23,1,2322,0,0,0,1,0,1,0,0,0,0,0,0,0,0,1,1,0,0
51,4,2075,0,0,1,0,0,1,0,0,1,0,0,0,0,0,0,0,1,0
30,4,4152,10,0,1,0,0,1,1,0,0,0,0,0,0,0,0,0,1,0
46,4,9619,4,0,0,1,0,1,0,0,0,0,0,0,0,1,0,0,0,1
40,2,13503,11,0,1,0,0,1,1,0,0,0,0,0,0,0,0,0,1,0
51,4,5441,1,0,0,1,0,1,0,0,0,0,0,0,0,1,0,0,0,1
30,2,5209,2,0,0,1,1,0,0,0,0,0,0,0,0,1,0,1,0,0
46,1,10673,9,0,1,0,0,1,1,0,0,0,0,0,0,0,0,0,1,0
32,3,5010,5,0,0,1,0,1,0,0,0,0,0,0,0,1,0,0,0,1
54,3,13549,0,0,1,0,1,0,0,0,0,0,0,1,0,0,0,0,1,0
24,3,4999,0,0,0,1,1,0,0,0,0,0,0,0,0,1,0,0,1,0
28,3,4221,0,0,0,1,0,1,0,0,0,0,0,0,0,1,0,0,1,0
58,3,13872,1,0,0,1,0,1,0,0,0,0,0,0,0,1,0,0,0,1
44,2,2042,1,0,1,0,0,1,0,0,1,0,0,0,0,0,0,0,1,0
37,1,2073,0,1,0,0,0,1,0,1,0,0,0,0,0,0,0,1,0,0
32,1,2956,0,0,1,0,0,1,0,0,0,0,0,0,1,0,0,0,0,1
20,4,2926,1,0,1,0,1,0,0,0,1,0,0,0,0,0,0,0,0,1
34,3,4809,2,0,1,0,1,0,0,0,0,0,0,0,1,0,0,0,0,1
37,4,5163,0,0,1,0,0,1,1,0,0,0,0,0,0,0,0,1,0,0
59,4,18844,2,1,0,0,1,0,0,0,0,1,0,0,0,0,0,0,1,0
50,2,18172,0,0,1,0,1,0,0,0,0,0,0,1,0,0,0,0,1,0
25,3,5744,0,0,0,1,0,1,0,0,0,0,0,0,0,1,0,0,0,1
25,4,2889,2,0,1,0,0,1,0,0,0,0,0,0,1,0,0,0,1,0
22,4,2871,0,0,1,0,1,0,0,0,1,0,0,0,0,0,0,0,0,1
51,1,7484,12,0,1,0,1,0,1,0,0,0,0,0,0,0,0,0,0,1
34,3,6074,0,0,1,0,0,1,0,0,1,0,0,0,0,0,0,0,0,1
54,4,17328,4,1,0,0,1,0,0,0,0,1,0,0,0,0,0,0,0,1
24,3,2774,1,0,1,0,0,1,0,0,1,0,0,0,0,0,0,0,1,0
34,2,4505,0,0,1,0,1,0,0,0,0,0,0,0,1,0,0,1,0,0
37,4,7428,1,0,0,1,0,1,0,0,0,0,0,0,0,1,0,0,0,1
34,1,11631,5,0,1,0,1,0,0,0,0,1,0,0,0,0,0,0,0,1
36,4,9738,2,0,0,1,1,0,0,0,0,0,0,0,0,1,0,0,1,0
36,4,2835,0,0,1,0,1,0,0,0,1,0,0,0,0,0,0,1,0,0
43,4,16959,4,0,0,1,0,1,0,0,0,1,0,0,0,0,0,0,1,0
30,3,2613,0,0,1,0,0,1,0,0,0,0,0,0,1,0,0,1,0,0
33,2,6146,0,0,0,1,0,1,0,0,0,0,0,0,0,1,0,0,1,0
56,2,4963,4,0,1,0,1,0,0,0,0,0,0,0,1,0,0,0,1,0
51,3,19537,15,0,1,0,0,1,0,0,0,0,0,1,0,0,0,0,0,1
31,3,6172,7,0,0,1,0,1,0,0,0,0,0,0,0,1,0,0,1,0
26,2,2368,4,0,1,0,1,0,0,0,0,0,0,0,1,0,0,0,1,0
58,4,10312,15,0,1,0,1,0,1,0,0,0,0,0,0,0,0,0,1,0
19,3,1675,0,0,0,1,0,1,0,0,0,0,0,0,0,0,1,0,0,1
22,4,2523,2,0,1,0,0,1,0,0,1,0,0,0,0,0,0,0,1,0
49,1,6567,5,0,1,0,1,0,0,0,0,0,1,0,0,0,0,0,1,0
43,3,4739,1,0,1,0,1,0,0,0,0,0,0,0,1,0,0,0,0,1
50,4,9208,2,0,0,1,1,0,0,0,0,0,0,0,0,1,0,0,0,1
31,3,4559,2,0,0,1,1,0,0,0,0,0,0,0,0,1,0,0,1,0
41,3,8189,0,0,0,1,0,1,0,0,0,0,0,0,0,1,0,1,0,0
26,3,2942,5,1,0,0,1,0,0,1,0,0,0,0,0,0,0,0,1,0
36,2,4941,0,0,1,0,0,1,0,0,0,0,1,0,0,0,0,1,0,0
51,4,10650,0,0,1,0,0,1,0,0,0,0,1,0,0,0,0,0,0,1
39,3,5902,5,0,0,1,1,0,0,0,0,0,0,0,0,1,0,0,1,0
25,3,8639,2,0,0,1,0,1,0,0,0,0,0,0,0,1,0,0,1,0
30,4,6347,4,1,0,0,0,1,0,1,0,0,0,0,0,0,0,0,1,0
32,1,4200,0,0,1,0,1,0,0,0,1,0,0,0,0,0,0,0,0,1
45,4,3452,0,0,1,0,0,1,0,0,0,0,0,0,1,0,0,0,0,1
38,3,4317,2,0,1,0,1,0,0,0,0,0,0,0,1,0,0,0,0,1
30,3,2632,0,0,1,0,1,0,0,0,0,0,0,0,1,0,0,0,0,1
32,4,4668,0,0,0,1,0,1,0,0,0,0,0,0,0,1,0,1,0,0
30,1,3204,2,0,1,0,1,0,0,0,0,0,0,0,1,0,0,1,0,0
30,4,2720,1,0,1,0,0,1,0,0,1,0,0,0,0,0,0,0,0,1
41,1,17181,7,0,1,0,0,1,0,0,0,1,0,0,0,0,0,1,0,0
41,1,2238,1,0,1,0,0,1,0,0,1,0,0,0,0,0,0,0,1,0
19,2,1483,0,0,1,0,1,0,0,0,1,0,0,0,0,0,0,0,0,1
40,2,5605,2,0,1,0,1,0,0,0,0,0,0,0,1,0,0,1,0,0
35,2,7295,0,0,0,1,0,1,0,0,0,0,0,0,0,1,0,0,1,0
53,3,2306,4,0,0,1,0,1,0,0,0,0,0,0,0,0,1,0,1,0
45,2,2348,0,0,1,0,0,1,0,0,1,0,0,0,0,0,0,1,0,0
32,4,8998,3,0,0,1,1,0,0,0,0,0,0,0,0,1,0,0,0,1
29,3,4319,0,0,1,0,0,1,0,0,0,0,1,0,0,0,0,0,1,0
51,3,6132,0,0,1,0,0,1,0,0,0,0,1,0,0,0,0,0,1,0
58,2,3346,0,0,1,0,1,0,0,0,0,0,0,0,1,0,0,0,1,0
40,4,10855,2,0,0,1,0,1,0,0,0,0,0,0,0,1,0,0,1,0
34,3,2231,1,0,0,1,1,0,0,0,0,0,0,0,0,0,1,0,1,0
22,4,2323,2,0,1,0,0,1,0,0,0,0,0,0,1,0,0,0,1,0
27,2,2024,2,0,1,0,0,1,0,0,0,0,0,0,1,0,0,1,0,0
28,4,2713,0,0,1,0,0,1,0,0,0,0,0,0,1,0,0,0,1,0
57,4,9439,1,0,1,0,0,1,1,0,0,0,0,0,0,0,0,1,0,0
27,3,2566,0,0,1,0,0,1,0,0,0,0,0,0,1,0,0,1,0,0
50,2,19926,4,0,1,0,1,0,0,0,0,1,0,0,0,0,0,0,0,1
41,3,2451,1,0,1,0,0,1,0,0,0,0,0,0,1,0,0,1,0,0
30,4,9419,7,0,0,1,1,0,0,0,0,0,0,0,0,1,0,0,1,0
38,4,8686,0,0,0,1,1,0,0,0,0,0,0,0,0,1,0,0,0,1
32,3,3038,1,0,1,0,0,1,0,0,0,0,0,0,1,0,0,0,0,1
27,2,3058,1,0,1,0,0,1,0,0,0,0,0,0,1,0,0,0,1,0
19,1,2325,0,0,0,1,1,0,0,0,0,0,0,0,0,0,1,0,0,1
36,2,2088,7,0,1,0,0,1,0,0,1,0,0,0,0,0,0,0,0,1
30,1,3072,6,0,1,0,0,1,0,0,1,0,0,0,0,0,0,1,0,0
45,1,5006,0,0,0,1,1,0,0,0,0,0,0,0,0,1,0,1,0,0
56,1,4257,2,0,1,0,1,0,0,0,0,0,0,0,1,0,0,1,0,0
33,4,2500,0,0,1,0,0,1,0,0,0,0,0,0,1,0,0,0,0,1
19,4,1102,1,0,1,0,0,1,0,0,1,0,0,0,0,0,0,0,0,1
46,1,10453,15,0,0,1,1,0,0,0,0,0,0,0,0,1,0,1,0,0
38,4,2288,2,0,1,0,1,0,0,0,1,0,0,0,0,0,0,0,0,1
31,4,3929,0,0,1,0,1,0,0,0,0,0,0,0,1,0,0,0,1,0
34,2,2311,1,0,1,0,1,0,0,0,0,0,0,0,1,0,0,0,0,1
41,2,3140,0,0,0,1,1,0,0,0,0,0,0,0,0,0,1,0,0,1
50,3,3690,0,0,1,0,0,1,0,0,1,0,0,0,0,0,0,0,1,0
53,1,4450,1,0,1,0,1,0,0,0,0,0,1,0,0,0,0,1,0,0
33,2,2756,1,0,1,0,1,0,0,0,0,0,0,0,1,0,0,0,1,0
40,3,19033,9,0,1,0,1,0,0,0,0,1,0,0,0,0,0,0,1,0
55,2,18722,2,0,1,0,0,1,0,0,0,0,0,1,0,0,0,0,0,1
34,3,9547,1,0,1,0,0,1,0,0,0,0,1,0,0,0,0,0,1,0
51,2,13734,1,0,1,0,1,0,1,0,0,0,0,0,0,0,0,0,0,1
52,3,19999,11,0,1,0,0,1,0,0,0,1,0,0,0,0,0,0,1,0
27,2,2279,0,0,1,0,1,0,0,0,0,0,0,0,1,0,0,0,0,1
35,3,5916,0,0,1,0,0,1,0,0,0,0,1,0,0,0,0,0,1,0
43,4,2089,2,0,1,0,0,1,0,0,0,0,0,0,1,0,0,1,0,0
45,4,16792,11,0,1,0,0,1,0,0,0,1,0,0,0,0,0,0,1,0
37,1,3564,1,0,1,0,0,1,0,0,0,0,0,0,1,0,0,0,1,0
35,2,4425,1,0,1,0,1,0,0,0,1,0,0,0,0,0,0,0,0,1
42,3,5265,0,0,1,0,1,0,0,0,0,0,1,0,0,0,0,1,0,0
38,3,6553,0,0,1,0,0,1,0,0,0,0,1,0,0,0,0,0,1,0
38,4,6261,1,0,1,0,0,1,0,0,0,0,1,0,0,0,0,0,1,0
27,1,4298,2,0,1,0,0,1,0,0,0,0,1,0,0,0,0,0,1,0
49,4,6804,1,0,1,0,0,1,0,0,0,0,1,0,0,0,0,1,0,0
34,3,3815,2,0,1,0,0,1,0,0,0,0,0,0,1,0,0,1,0,0
40,4,2741,3,0,1,0,0,1,0,0,1,0,0,0,0,0,0,0,1,0
38,1,6673,0,0,1,0,0,1,1,0,0,0,0,0,0,0,0,0,1,0
29,4,7639,1,0,0,1,1,0,0,0,0,0,0,0,0,1,0,0,1,0
22,2,2328,2,0,1,0,0,1,0,0,0,0,0,0,1,0,0,1,0,0
36,4,2153,1,0,1,0,1,0,0,0,1,0,0,0,0,0,0,0,0,1
40,4,4876,0,0,1,0,0,1,1,0,0,0,0,0,0,0,0,0,1,0
46,1,9396,0,0,1,0,0,1,1,0,0,0,0,0,0,0,0,1,0,0
32,4,10400,9,0,0,1,0,1,0,0,0,0,0,0,0,1,0,0,1,0
30,3,8474,5,0,1,0,0,1,0,0,0,0,1,0,0,0,0,0,0,1
27,3,9981,0,0,0,1,1,0,0,0,0,0,0,0,0,1,0,0,0,1
51,2,12490,4,0,1,0,0,1,0,0,0,0,0,1,0,0,0,0,1,0
30,1,2657,0,0,1,0,1,0,0,0,0,0,0,0,1,0,0,0,0,1
41,4,13591,0,0,0,1,1,0,0,0,0,1,0,0,0,0,0,0,0,1
30,1,6696,0,0,0,1,1,0,0,0,0,0,0,0,0,1,0,0,0,1
29,3,2058,1,0,1,0,0,1,0,0,0,0,0,0,1,0,0,0,0,1
45,4,8865,12,0,0,1,1,0,0,0,0,0,0,0,0,1,0,0,0,1
54,1,5940,0,0,0,1,1,0,0,0,0,0,0,0,0,1,0,0,1,0
36,2,5914,3,0,1,0,0,1,0,0,1,0,0,0,0,0,0,0,0,1
33,2,2622,1,0,1,0,1,0,0,0,0,0,0,0,1,0,0,0,1,0
37,4,12185,0,0,1,0,0,1,0,0,0,0,0,1,0,0,0,1,0,0
38,3,10609,5,0,0,1,0,1,0,0,0,0,0,0,0,1,0,1,0,0
31,3,4345,1,0,1,0,0,1,0,0,0,0,1,0,0,0,0,0,1,0
59,4,2177,0,0,1,0,0,1,0,0,0,0,0,0,1,0,0,0,1,0
37,4,2793,5,0,0,1,0,1,0,0,0,0,0,0,0,0,1,1,0,0
29,4,7918,4,0,0,1,1,0,0,0,0,0,0,0,0,1,0,0,1,0
35,3,8789,0,0,0,1,1,0,0,0,0,0,0,0,0,1,0,0,0,1
29,4,2389,0,0,1,0,0,1,0,0,0,0,0,0,1,0,0,0,0,1
52,4,3212,2,0,1,0,1,0,0,0,1,0,0,0,0,0,0,0,0,1
42,4,19232,11,0,1,0,0,1,0,0,0,1,0,0,0,0,0,0,1,0
59,3,2267,2,1,0,0,0,1,0,1,0,0,0,0,0,0,0,0,1,0
50,4,19517,0,0,0,1,1,0,0,0,0,1,0,0,0,0,0,1,0,0
33,4,2436,0,0,1,0,0,1,0,0,1,0,0,0,0,0,0,0,1,0
43,4,16064,1,0,0,1,1,0,0,0,0,1,0,0,0,0,0,0,1,0
33,1,2707,1,0,1,0,1,0,0,0,1,0,0,0,0,0,0,0,1,0
52,3,19068,15,0,0,1,0,1,0,0,0,1,0,0,0,0,0,0,0,1
32,2,3931,1,0,0,1,1,0,0,0,0,0,0,0,0,0,1,0,1,0
32,3,3730,1,0,1,0,0,1,0,0,1,0,0,0,0,0,0,0,0,1
39,3,2232,1,0,1,0,1,0,0,0,1,0,0,0,0,0,0,1,0,0
32,4,4465,2,0,0,1,0,1,0,0,0,0,0,0,0,1,0,0,1,0
41,1,3072,0,0,1,0,0,1,0,0,0,0,0,0,1,0,0,1,0,0
40,4,3319,4,0,1,0,0,1,0,0,0,0,0,0,1,0,0,1,0,0
45,4,19202,1,0,1,0,0,1,0,0,0,1,0,0,0,0,0,0,1,0
31,3,13675,2,0,1,0,0,1,0,0,0,0,0,1,0,0,0,1,0,0
33,4,2911,0,0,1,0,1,0,0,0,0,0,0,0,1,0,0,0,1,0
34,1,5957,5,0,1,0,0,1,0,0,0,0,1,0,0,0,0,0,1,0
37,1,3920,0,0,1,0,1,0,0,0,0,0,0,0,1,0,0,0,1,0
45,3,6434,0,0,1,0,0,1,0,0,0,0,1,0,0,0,0,0,1,0
37,3,10048,0,0,1,0,0,1,0,0,0,0,1,0,0,0,0,1,0,0
39,3,10938,11,0,1,0,1,0,1,0,0,0,0,0,0,0,0,0,0,1
29,4,2340,1,0,1,0,0,1,0,0,0,0,0,0,1,0,0,0,0,1
42,1,6545,0,0,1,0,1,0,0,0,0,0,0,0,1,0,0,0,0,1
29,4,6931,0,0,0,1,0,1,0,0,0,0,0,0,0,1,0,1,0,0
25,3,4898,1,0,1,0,1,0,0,0,0,0,1,0,0,0,0,0,1,0
42,1,2593,7,0,1,0,1,0,0,0,1,0,0,0,0,0,0,1,0,0
40,3,19436,3,0,1,0,0,1,0,0,0,0,0,1,0,0,0,1,0,0
51,4,2723,0,0,1,0,0,1,0,0,0,0,0,0,1,0,0,0,1,0
31,2,3479,1,0,1,0,0,1,0,0,1,0,0,0,0,0,0,0,0,1
32,2,2794,0,0,1,0,0,1,0,0,1,0,0,0,0,0,0,0,1,0
38,4,5249,7,0,0,1,0,1,0,0,0,0,0,0,0,1,0,0,1,0
32,1,2176,0,0,1,0,0,1,0,0,1,0,0,0,0,0,0,0,0,1
46,2,16872,7,0,0,1,1,0,0,0,0,1,0,0,0,0,0,0,1,0
28,3,3485,0,0,1,0,0,1,0,0,1,0,0,0,0,0,0,0,0,1
29,2,6644,0,0,0,1,0,1,0,0,0,0,0,0,0,1,0,0,1,0
31,4,5582,7,0,1,0,0,1,1,0,0,0,0,0,0,0,0,0,1,0
25,1,4000,1,0,1,0,0,1,1,0,0,0,0,0,0,0,0,1,0,0
45,4,13496,4,0,1,0,0,1,1,0,0,0,0,0,0,0,0,0,1,0
36,4,3210,10,0,1,0,0,1,0,0,1,0,0,0,0,0,0,0,1,0
55,1,19045,4,0,1,0,0,1,0,0,0,1,0,0,0,0,0,0,0,1
47,2,11849,9,0,1,0,0,1,0,0,0,1,0,0,0,0,0,0,1,0
28,4,2070,0,0,1,0,0,1,0,0,0,0,0,0,1,0,0,0,1,0
37,4,6502,0,0,0,1,0,1,0,0,0,0,0,0,0,1,0,0,1,0
21,3,3230,1,0,1,0,0,1,0,0,0,0,0,0,1,0,0,0,0,1
37,4,13603,0,0,1,0,1,0,0,0,0,0,0,1,0,0,0,1,0,0
35,2,11996,6,0,1,0,1,0,0,0,0,1,0,0,0,0,0,1,0,0
38,1,5605,7,0,0,1,1,0,0,0,0,0,0,0,0,1,0,1,0,0
26,2,6397,1,0,1,0,1,0,0,0,0,0,1,0,0,0,0,1,0,0
50,2,19144,1,0,1,0,0,1,0,0,0,0,0,1,0,0,0,1,0,0
53,3,17584,1,0,1,0,0,1,0,0,0,0,0,1,0,0,0,0,1,0
42,3,4907,11,0,0,1,0,1,0,0,0,0,0,0,0,1,0,0,1,0
29,4,4554,0,0,0,1,0,1,0,0,0,0,0,0,0,1,0,0,0,1
55,4,5415,0,0,1,0,0,1,0,0,1,0,0,0,0,0,0,0,1,0
26,1,4741,3,0,1,0,0,1,1,0,0,0,0,0,0,0,0,0,1,0
37,4,2115,5,0,1,0,1,0,0,0,0,0,0,0,1,0,0,0,0,1
44,3,3161,0,0,1,0,0,1,0,0,1,0,0,0,0,0,0,1,0,0
38,4,5745,1,0,1,0,0,1,1,0,0,0,0,0,0,0,0,1,0,0
26,2,2373,0,0,1,0,0,1,0,0,1,0,0,0,0,0,0,1,0,0
28,4,3310,0,0,1,0,1,0,0,0,0,0,0,0,1,0,0,0,0,1
49,1,18665,1,0,1,0,1,0,0,0,0,0,0,1,0,0,0,0,0,1
36,2,4485,7,0,1,0,0,1,0,0,0,0,0,0,1,0,0,0,0,1
31,2,2789,2,0,0,1,1,0,0,0,0,0,0,0,0,0,1,1,0,0
26,4,5828,7,0,0,1,0,1,0,0,0,0,0,0,0,1,0,0,0,1
37,4,2326,1,0,1,0,0,1,0,0,0,0,0,0,1,0,0,0,1,0
42,2,13525,4,0,0,1,1,0,0,0,0,0,0,0,0,1,0,0,1,0
18,3,1420,0,0,1,0,0,1,0,0,1,0,0,0,0,0,0,0,0,1
35,2,8020,6,0,0,1,0,1,0,0,0,0,0,0,0,1,0,0,1,0
36,4,3688,0,0,1,0,0,1,0,0,1,0,0,0,0,0,0,0,1,0
51,2,5482,1,0,1,0,0,1,0,0,0,0,1,0,0,0,0,1,0,0
41,2,16015,0,0,0,1,0,1,0,0,0,1,0,0,0,0,0,0,0,1
18,3,1200,0,0,0,1,1,0,0,0,0,0,0,0,0,0,1,0,0,1
28,1,5661,0,0,1,0,0,1,1,0,0,0,0,0,0,0,0,0,0,1
31,4,6929,7,0,0,1,0,1,0,0,0,0,0,0,0,1,0,0,1,0
39,4,9613,3,0,1,0,0,1,1,0,0,0,0,0,0,0,0,1,0,0
36,2,5674,0,0,1,0,1,0,0,0,1,0,0,0,0,0,0,0,1,0
32,3,5484,4,0,0,1,0,1,0,0,0,0,0,0,0,1,0,0,1,0
38,2,12061,0,0,1,0,1,0,0,0,0,0,0,1,0,0,0,0,1,0
58,3,5660,1,0,1,0,0,1,1,0,0,0,0,0,0,0,0,1,0,0
31,4,4821,0,0,1,0,0,1,0,0,0,0,0,0,1,0,0,0,1,0
31,1,6410,1,1,0,0,0,1,0,1,0,0,0,0,0,0,0,0,1,0
45,1,5210,9,0,1,0,0,1,0,0,1,0,0,0,0,0,0,1,0,0
31,4,2695,2,0,1,0,0,1,0,0,0,0,0,0,1,0,0,1,0,0
33,2,11878,8,0,1,0,1,0,0,0,0,1,0,0,0,0,0,0,1,0
39,1,17068,11,0,1,0,0,1,0,0,0,1,0,0,0,0,0,0,1,0
43,4,2455,1,0,1,0,1,0,0,0,1,0,0,0,0,0,0,0,0,1
49,3,13964,0,0,1,0,1,0,1,0,0,0,0,0,0,0,0,0,0,1
52,2,4941,7,0,1,0,0,1,0,0,0,0,0,0,1,0,0,0,1,0
27,2,2478,1,0,1,0,1,0,0,0,0,0,0,0,1,0,0,0,0,1
32,2,5228,11,0,0,1,1,0,0,0,0,0,0,0,0,1,0,0,1,0
27,3,4478,0,0,0,1,0,1,0,0,0,0,0,0,0,1,0,0,0,1
31,4,7547,1,0,0,1,0,1,0,0,0,0,0,0,0,1,0,1,0,0
32,4,5055,0,0,1,0,1,0,0,0,0,0,0,0,1,0,0,0,0,1
28,4,3464,2,0,1,0,0,1,0,0,0,0,0,0,1,0,0,0,1,0
30,4,5775,1,0,1,0,1,0,0,0,0,0,0,0,1,0,0,0,1,0
31,3,8943,8,0,1,0,1,0,0,0,0,0,1,0,0,0,0,0,1,0
39,4,19272,13,0,1,0,0,1,0,0,0,1,0,0,0,0,0,0,1,0
39,3,5238,0,0,0,1,1,0,0,0,0,0,0,0,0,1,0,0,1,0
33,4,4682,0,0,0,1,0,1,0,0,0,0,0,0,0,1,0,0,0,1
47,3,18300,1,0,1,0,0,1,0,0,0,0,0,1,0,0,0,0,1,0
43,3,5257,0,0,1,0,1,0,0,0,1,0,0,0,0,0,0,1,0,0
27,2,6349,1,0,0,1,0,1,0,0,0,0,0,0,0,1,0,0,1,0
54,3,4869,0,0,1,0,1,0,0,0,0,0,0,0,1,0,0,0,0,1
43,1,9985,0,0,1,0,1,0,1,0,0,0,0,0,0,0,0,0,1,0
45,4,3697,9,0,1,0,0,1,0,0,0,0,0,0,1,0,0,0,1,0
40,4,7457,0,0,0,1,0,1,0,0,0,0,0,0,0,1,0,0,1,0
29,1,2119,0,0,1,0,0,1,0,0,1,0,0,0,0,0,0,0,1,0
29,4,3983,2,0,1,0,0,1,0,0,1,0,0,0,0,0,0,0,0,1
30,3,6118,1,0,0,1,1,0,0,0,0,0,0,0,0,1,0,1,0,0
27,2,6214,0,0,0,1,1,0,0,0,0,0,0,0,0,1,0,0,1,0
37,4,6347,0,0,1,0,0,1,0,0,0,0,1,0,0,0,0,1,0,0
38,4,11510,2,0,1,0,0,1,0,0,0,0,0,1,0,0,0,1,0,0
31,4,7143,4,0,1,0,1,0,0,0,0,0,1,0,0,0,0,0,0,1
29,2,8268,1,0,0,1,1,0,0,0,0,0,0,0,0,1,0,1,0,0
35,2,8095,0,0,1,0,0,1,0,0,0,0,1,0,0,0,0,0,0,1
23,4,2904,0,0,1,0,0,1,0,0,0,0,0,0,1,0,0,1,0,0
41,2,6032,1,0,1,0,0,1,0,0,0,0,1,0,0,0,0,0,0,1
47,3,2976,0,0,0,1,0,1,0,0,0,0,0,0,0,0,1,0,0,1
42,4,15992,0,0,1,0,1,0,0,0,0,0,0,1,0,0,0,0,0,1
29,3,4649,0,0,0,1,0,1,0,0,0,0,0,0,0,1,0,0,1,0
42,3,2696,1,1,0,0,0,1,0,1,0,0,0,0,0,0,0,1,0,0
32,2,2370,0,0,1,0,1,0,0,0,1,0,0,0,0,0,0,0,1,0
48,3,12504,0,0,0,1,1,0,0,0,0,1,0,0,0,0,0,0,1,0
37,1,5974,6,0,1,0,0,1,0,0,0,0,0,0,1,0,0,1,0,0
30,3,4736,2,0,0,1,1,0,0,0,0,0,0,0,0,1,0,0,1,0
26,3,5296,7,0,0,1,0,1,0,0,0,0,0,0,0,1,0,0,1,0
42,4,6781,0,0,1,0,0,1,1,0,0,0,0,0,0,0,0,0,0,1
21,2,2174,1,0,0,1,1,0,0,0,0,0,0,0,0,0,1,0,0,1
36,4,6653,0,0,0,1,1,0,0,0,0,0,0,0,0,1,0,0,0,1
36,4,9699,1,0,0,1,0,1,0,0,0,0,0,0,0,1,0,0,1,0
57,3,6755,1,0,1,0,0,1,1,0,0,0,0,0,0,0,0,0,1,0
40,3,2213,1,0,1,0,1,0,0,0,1,0,0,0,0,0,0,0,1,0
21,4,2610,2,0,0,1,0,1,0,0,0,0,0,0,0,0,1,0,0,1
33,3,2851,0,0,0,1,1,0,0,0,0,0,0,0,0,0,1,0,0,1
37,1,3452,0,0,1,0,1,0,0,0,1,0,0,0,0,0,0,0,1,0
46,3,5258,0,0,1,0,1,0,0,0,0,0,1,0,0,0,0,0,1,0
41,2,9355,7,0,0,1,0,1,0,0,0,0,0,0,0,1,0,0,0,1
50,4,10496,1,0,1,0,0,1,1,0,0,0,0,0,0,0,0,0,0,1
40,3,6380,1,0,0,1,0,1,0,0,0,0,0,0,0,1,0,0,1,0
31,2,2657,2,0,1,0,0,1,0,0,0,0,0,0,1,0,0,0,0,1
21,2,2716,0,0,0,1,1,0,0,0,0,0,0,0,0,0,1,0,0,1
29,4,2201,1,0,1,0,0,1,0,0,0,0,0,0,1,0,0,0,0,1
35,2,6540,0,0,1,0,0,1,1,0,0,0,0,0,0,0,0,0,0,1
27,2,3816,0,0,1,0,0,1,0,0,1,0,0,0,0,0,0,1,0,0
28,4,5253,0,0,0,1,0,1,0,0,0,0,0,0,0,1,0,0,0,1
49,3,10965,0,0,1,0,0,1,1,0,0,0,0,0,0,0,0,0,0,1
51,4,4936,0,0,0,1,1,0,0,0,0,0,0,0,0,1,0,0,1,0
36,3,2543,2,0,1,0,1,0,0,0,0,0,0,0,1,0,0,0,1,0
34,4,5304,0,0,0,1,0,1,0,0,0,0,0,0,0,1,0,0,0,1
55,4,16659,1,0,1,0,1,0,0,0,0,1,0,0,0,0,0,0,0,1
24,3,4260,0,0,0,1,1,0,0,0,0,0,0,0,0,1,0,1,0,0
30,2,2476,0,0,0,1,0,1,0,0,0,0,0,0,0,0,1,0,1,0
26,1,3102,0,0,1,0,0,1,0,0,0,0,0,0,1,0,0,0,0,1
22,2,2244,1,0,1,0,1,0,0,0,0,0,0,0,1,0,0,0,1,0
36,3,7596,9,0,0,1,0,1,0,0,0,0,0,0,0,1,0,0,1,0
30,4,2285,0,0,1,0,0,1,0,0,0,0,0,0,1,0,0,0,0,1
37,1,3034,12,0,1,0,1,0,0,0,1,0,0,0,0,0,0,1,0,0
40,2,5715,1,0,0,1,1,0,0,0,0,0,0,0,0,1,0,1,0,0
42,1,2576,1,0,1,0,1,0,0,0,1,0,0,0,0,0,0,1,0,0
37,2,4197,0,0,1,0,0,1,0,0,0,0,1,0,0,0,0,0,0,1
43,2,14336,3,0,1,0,0,1,0,0,0,0,0,1,0,0,0,1,0,0
40,3,3448,0,0,1,0,1,0,0,0,1,0,0,0,0,0,0,0,1,0
54,1,19406,1,0,1,0,0,1,0,0,0,0,0,1,0,0,0,0,1,0
34,3,6538,1,0,0,1,1,0,0,0,0,0,0,0,0,1,0,0,1,0
31,1,4306,3,0,1,0,1,0,0,0,0,0,1,0,0,0,0,0,1,0
43,4,2258,1,0,1,0,0,1,0,0,1,0,0,0,0,0,0,0,1,0
43,3,4522,0,0,1,0,1,0,1,0,0,0,0,0,0,0,0,1,0,0
25,4,4487,1,0,0,1,1,0,0,0,0,0,0,0,0,1,0,0,0,1
37,3,4449,10,0,1,0,1,0,0,0,0,0,0,0,1,0,0,0,1,0
31,1,2218,3,0,1,0,0,1,0,0,1,0,0,0,0,0,0,0,1,0
39,3,19197,1,0,1,0,0,1,0,0,0,1,0,0,0,0,0,1,0,0
56,1,13212,7,0,0,1,1,0,0,0,0,0,0,0,0,1,0,0,1,0
30,3,6577,4,0,0,1,1,0,0,0,0,0,0,0,0,1,0,0,0,1
41,1,8392,0,0,0,1,0,1,0,0,0,0,0,0,0,1,0,0,1,0
28,1,4558,1,0,1,0,0,1,0,0,1,0,0,0,0,0,0,1,0,0
25,1,4031,0,0,1,0,0,1,0,0,1,0,0,0,0,0,0,0,1,0
52,3,7969,0,0,1,0,0,1,0,0,0,0,1,0,0,0,0,0,1,0
45,4,2654,0,0,1,0,0,1,0,0,0,0,0,0,1,0,0,0,1,0
52,4,16555,1,0,1,0,1,0,0,0,0,1,0,0,0,0,0,0,1,0
42,3,4556,0,0,1,0,1,0,0,0,0,0,0,0,1,0,0,1,0,0
30,4,6091,0,0,1,0,1,0,0,0,0,0,1,0,0,0,0,0,0,1
60,1,19566,11,0,1,0,1,0,0,0,0,1,0,0,0,0,0,0,1,0
46,3,4810,0,0,1,0,1,0,0,0,0,0,1,0,0,0,0,1,0,0
42,4,4523,0,0,1,0,1,0,1,0,0,0,0,0,0,0,0,0,1,0
24,2,3202,1,0,0,1,1,0,0,0,0,0,0,0,0,0,1,0,0,1
34,3,2351,1,0,0,1,1,0,0,0,0,0,0,0,0,0,1,1,0,0
38,4,1702,0,0,1,0,0,1,0,0,1,0,0,0,0,0,0,0,1,0
40,3,18041,1,0,0,1,1,0,0,0,0,1,0,0,0,0,0,0,1,0
26,4,2886,0,0,1,0,1,0,0,0,0,0,0,0,1,0,0,1,0,0
30,4,2097,1,0,1,0,0,1,0,0,1,0,0,0,0,0,0,0,1,0
29,3,11935,0,0,1,0,0,1,0,0,0,0,0,1,0,0,0,0,1,0
29,2,2546,1,0,1,0,1,0,0,0,0,0,0,0,1,0,0,0,1,0
19,4,2564,0,1,0,0,0,1,0,1,0,0,0,0,0,0,0,0,0,1
30,1,8412,7,0,0,1,1,0,0,0,0,0,0,0,0,1,0,0,1,0
57,4,14118,0,0,0,1,0,1,0,0,0,1,0,0,0,0,0,1,0,0
50,3,17046,15,0,1,0,0,1,0,0,0,1,0,0,0,0,0,0,1,0
30,4,2564,6,0,1,0,1,0,0,0,1,0,0,0,0,0,0,0,0,1
60,1,10266,13,0,0,1,1,0,0,0,0,0,0,0,0,1,0,0,1,0
47,4,5070,0,0,1,0,1,0,0,0,0,0,1,0,0,0,0,1,0,0
46,3,17861,0,0,1,0,0,1,0,0,0,0,0,1,0,0,0,0,1,0
35,3,4230,4,0,1,0,0,1,0,0,1,0,0,0,0,0,0,0,0,1
54,3,3780,0,0,1,0,1,0,0,0,1,0,0,0,0,0,0,0,0,1
34,3,2768,5,0,1,0,0,1,0,0,0,0,0,0,1,0,0,1,0,0
46,4,9071,1,0,0,1,1,0,0,0,0,0,0,0,0,1,0,0,1,0
31,2,10648,0,0,1,0,0,1,0,0,0,0,1,0,0,0,0,1,0,0
33,3,13610,7,0,1,0,0,1,0,0,0,1,0,0,0,0,0,0,1,0
33,4,3408,1,0,1,0,0,1,0,0,1,0,0,0,0,0,0,1,0,0
30,2,2983,1,0,0,1,0,1,0,0,0,0,0,0,0,0,1,0,0,1
35,3,7632,0,0,1,0,0,1,1,0,0,0,0,0,0,0,0,0,1,0
31,3,9824,0,0,1,0,0,1,1,0,0,0,0,0,0,0,0,0,1,0
34,1,9950,0,1,0,0,1,0,0,1,0,0,0,0,0,0,0,1,0,0
42,3,2093,2,0,1,0,0,1,0,0,1,0,0,0,0,0,0,0,1,0
36,4,9980,9,0,0,1,0,1,0,0,0,0,0,0,0,1,0,0,0,1
22,3,3894,1,0,1,0,0,1,0,0,1,0,0,0,0,0,0,0,0,1
48,4,4051,6,0,0,1,1,0,0,0,0,0,0,0,0,1,0,0,1,0
55,2,16835,7,0,0,1,1,0,0,0,0,1,0,0,0,0,0,0,0,1
41,4,6230,1,0,0,1,0,1,0,0,0,0,0,0,0,1,0,0,0,1
35,3,4717,6,0,0,1,0,1,0,0,0,0,0,0,0,1,0,0,1,0
40,3,13237,5,0,1,0,1,0,0,0,0,0,1,0,0,0,0,0,0,1
39,3,3755,0,0,1,0,1,0,0,0,1,0,0,0,0,0,0,0,1,0
31,4,6582,0,0,0,1,0,1,0,0,0,0,0,0,0,1,0,0,0,1
42,1,7406,5,0,1,0,0,1,0,0,0,0,1,0,0,0,0,0,1,0
45,2,4805,3,0,0,1,0,1,0,0,0,0,0,0,0,1,0,0,1,0
26,3,2741,1,1,0,0,1,0,0,1,0,0,0,0,0,0,0,1,0,0
29,4,4262,1,0,1,0,0,1,0,0,0,0,1,0,0,0,0,1,0,0
33,3,16184,0,0,1,0,1,0,0,0,0,0,0,1,0,0,0,1,0,0
31,4,11557,0,0,0,1,0,1,0,0,0,1,0,0,0,0,0,1,0,0
18,2,1878,0,0,0,1,0,1,0,0,0,0,0,0,0,0,1,0,0,1
40,1,10932,0,0,0,1,0,1,0,0,0,0,0,0,0,1,0,1,0,0
41,3,6811,0,0,1,0,1,0,1,0,0,0,0,0,0,0,0,0,0,1
26,3,4306,0,0,0,1,0,1,0,0,0,0,0,0,0,1,0,1,0,0
35,3,4859,0,0,0,1,1,0,0,0,0,0,0,0,0,1,0,0,0,1
34,4,5337,5,0,0,1,0,1,0,0,0,0,0,0,0,1,0,0,0,1
26,4,2340,0,0,1,0,0,1,0,0,1,0,0,0,0,0,0,0,0,1
37,4,7491,1,0,1,0,1,0,0,0,0,0,1,0,0,0,0,0,0,1
46,3,10527,1,0,1,0,1,0,1,0,0,0,0,0,0,0,0,0,1,0
41,1,16595,11,0,0,1,1,0,0,0,0,1,0,0,0,0,0,0,1,0
37,2,8834,7,0,0,1,0,1,0,0,0,0,0,0,0,1,0,1,0,0
52,1,5577,6,0,1,0,0,1,0,0,0,0,0,0,1,0,0,1,0,0
32,3,4707,1,0,0,1,0,1,0,0,0,0,0,0,0,1,0,0,1,0
24,4,2400,2,0,0,1,0,1,0,0,0,0,0,0,0,0,1,0,1,0
38,3,9824,0,0,1,0,1,0,1,0,0,0,0,0,0,0,0,0,1,0
37,2,6447,4,0,1,0,1,0,0,0,0,0,1,0,0,0,0,0,1,0
49,3,19502,0,0,1,0,0,1,0,0,0,0,0,1,0,0,0,1,0,0
24,4,2725,1,0,1,0,0,1,0,0,0,0,0,0,1,0,0,0,1,0
26,2,6272,1,0,0,1,0,1,0,0,0,0,0,0,0,1,0,0,1,0
24,2,2127,0,0,1,0,0,1,0,0,1,0,0,0,0,0,0,0,1,0
50,2,18200,10,1,0,0,0,1,0,0,0,1,0,0,0,0,0,0,1,0
25,3,2096,0,0,0,1,0,1,0,0,0,0,0,0,0,0,1,0,1,0
24,3,2886,1,0,1,0,1,0,0,0,1,0,0,0,0,0,0,0,1,0
30,1,2033,0,0,0,1,0,1,0,0,0,0,0,0,0,0,1,0,1,0
34,4,3622,1,0,1,0,0,1,0,0,0,0,0,0,1,0,0,0,1,0
31,1,4233,1,0,0,1,0,1,0,0,0,0,0,0,0,1,0,1,0,0
35,4,3681,0,0,1,0,0,1,0,0,1,0,0,0,0,0,0,0,0,1
31,4,5460,5,0,0,1,0,1,0,0,0,0,0,0,0,1,0,1,0,0
27,3,2187,0,0,1,0,1,0,0,0,0,0,0,0,1,0,0,1,0,0
37,3,9602,1,0,0,1,0,1,0,0,0,0,0,0,0,1,0,0,1,0
20,2,2836,0,0,1,0,1,0,0,0,0,0,0,0,1,0,0,0,0,1
42,4,4089,2,0,1,0,1,0,1,0,0,0,0,0,0,0,0,0,1,0
43,4,16627,0,0,1,0,0,1,0,0,0,0,0,1,0,0,0,1,0,0
38,1,2619,0,0,1,0,1,0,0,0,0,0,0,0,1,0,0,0,0,1
43,3,5679,4,0,1,0,0,1,0,0,1,0,0,0,0,0,0,1,0,0
48,1,15402,0,0,1,0,1,0,0,0,0,1,0,0,0,0,0,0,1,0
44,3,5985,0,1,0,0,1,0,0,1,0,0,0,0,0,0,0,0,0,1
34,3,2579,0,0,0,1,1,0,0,0,0,0,0,0,0,0,1,1,0,0
27,1,3041,0,0,0,1,0,1,0,0,0,0,0,0,0,0,1,1,0,0
21,3,3447,1,0,0,1,0,1,0,0,0,0,0,0,0,0,1,0,0,1
44,4,19513,0,0,1,0,0,1,0,0,0,1,0,0,0,0,0,0,1,0
22,3,2773,2,0,1,0,0,1,0,0,0,0,0,0,1,0,0,0,1,0
33,3,7104,1,0,0,1,0,1,0,0,0,0,0,0,0,1,0,1,0,0
32,4,6322,0,0,1,0,1,0,0,0,0,0,0,0,1,0,0,0,1,0
30,3,2083,0,0,1,0,1,0,0,0,0,0,0,0,1,0,0,1,0,0
53,1,8381,8,0,0,1,1,0,0,0,0,0,0,0,0,1,0,0,0,1
34,4,2691,8,0,1,0,0,1,0,0,0,0,0,0,1,0,0,0,1,0
45,1,4286,0,0,0,1,1,0,0,0,0,0,0,0,0,1,0,0,1,0
26,4,2659,0,0,1,0,1,0,0,0,1,0,0,0,0,0,0,0,1,0
37,3,9434,7,0,1,0,0,1,0,0,0,0,1,0,0,0,0,0,1,0
29,3,5561,1,0,0,1,1,0,0,0,0,0,0,0,0,1,0,0,1,0
35,4,6646,11,0,1,0,0,1,0,0,0,0,0,0,1,0,0,0,0,1
33,4,7725,4,0,1,0,0,1,1,0,0,0,0,0,0,0,0,1,0,0
54,2,10725,7,1,0,0,0,1,0,1,0,0,0,0,0,0,0,0,1,0
36,2,8847,0,0,1,0,0,1,0,0,0,0,1,0,0,0,0,1,0,0
27,4,2045,1,0,1,0,0,1,0,0,0,0,0,0,1,0,0,0,0,1
20,3,1009,1,0,1,0,0,1,0,0,0,0,0,0,1,0,0,0,0,1
33,1,3348,9,0,1,0,0,1,0,0,0,0,0,0,1,0,0,0,0,1
35,3,1281,0,0,1,0,0,1,0,0,1,0,0,0,0,0,0,0,1,0
23,1,2819,0,0,1,0,0,1,0,0,0,0,0,0,1,0,0,0,1,0
25,2,4851,1,0,0,1,0,1,0,0,0,0,0,0,0,1,0,0,1,0
38,4,4028,0,0,0,1,1,0,0,0,0,0,0,0,0,1,0,0,0,1
29,4,2720,2,0,1,0,0,1,0,0,0,0,0,0,1,0,0,1,0,0
48,2,8120,2,0,0,1,0,1,0,0,0,0,0,0,0,1,0,0,1,0
27,4,4647,0,0,0,1,1,0,0,0,0,0,0,0,0,1,0,1,0,0
37,4,4680,0,0,1,0,0,1,0,0,0,0,0,0,1,0,0,0,0,1
50,3,3221,3,0,1,0,0,1,0,0,1,0,0,0,0,0,0,0,1,0
34,2,8621,7,0,1,0,1,0,1,0,0,0,0,0,0,0,0,0,0,1
24,3,4577,2,0,0,1,1,0,0,0,0,0,0,0,0,1,0,0,0,1
39,3,4553,11,0,1,0,1,0,1,0,0,0,0,0,0,0,0,0,0,1
32,4,5396,0,0,0,1,0,1,0,0,0,0,0,0,0,1,0,0,0,1
50,3,6796,1,0,0,1,0,1,0,0,0,0,0,0,0,1,0,0,1,0
38,4,7625,1,0,1,0,1,0,1,0,0,0,0,0,0,0,0,0,0,1
27,1,7412,0,0,1,0,1,0,0,0,0,0,1,0,0,0,0,0,1,0
32,4,11159,7,0,1,0,1,0,0,0,0,0,0,1,0,0,0,0,0,1
47,1,4960,1,0,0,1,0,1,0,0,0,0,0,0,0,1,0,0,0,1
40,1,10475,1,0,0,1,0,1,0,0,0,0,0,0,0,1,0,0,1,0
53,3,14814,1,0,1,0,0,1,0,0,0,0,0,1,0,0,0,0,1,0
41,4,19141,12,1,0,0,0,1,0,0,0,1,0,0,0,0,0,1,0,0
60,1,5405,2,0,0,1,0,1,0,0,0,0,0,0,0,1,0,0,0,1
27,1,8793,1,0,1,0,0,1,0,0,0,0,1,0,0,0,0,1,0,0
41,3,19189,2,1,0,0,0,1,0,0,0,1,0,0,0,0,0,0,1,0
50,2,3875,2,0,0,1,0,1,0,0,0,0,0,0,0,0,1,0,1,0
28,2,2216,3,0,1,0,1,0,0,0,0,0,0,0,1,0,0,0,0,1
36,1,11713,0,0,1,0,1,0,0,0,0,0,0,1,0,0,0,0,1,0
38,3,7861,0,0,1,0,1,0,0,0,0,0,1,0,0,0,0,0,0,1
44,3,3708,1,0,1,0,0,1,0,0,1,0,0,0,0,0,0,0,0,1
47,3,13770,11,0,0,1,1,0,0,0,0,0,0,0,0,1,0,1,0,0
30,4,5304,7,0,0,1,0,1,0,0,0,0,0,0,0,1,0,1,0,0
29,3,2642,0,0,0,1,0,1,0,0,0,0,0,0,0,0,1,0,0,1
42,3,2759,2,0,1,0,0,1,0,0,0,0,0,0,1,0,0,1,0,0
43,4,6804,2,0,0,1,0,1,0,0,0,0,0,0,0,1,0,0,1,0
34,3,6142,4,0,1,0,1,0,1,0,0,0,0,0,0,0,0,0,0,1
23,1,2500,0,0,1,0,0,1,0,0,1,0,0,0,0,0,0,0,1,0
39,2,6389,3,1,0,0,1,0,0,1,0,0,0,0,0,0,0,0,1,0
56,4,11103,1,0,1,0,0,1,1,0,0,0,0,0,0,0,0,0,1,0
40,4,2342,2,0,1,0,1,0,0,0,0,0,0,0,1,0,0,0,0,1
27,1,6811,0,0,1,0,1,0,1,0,0,0,0,0,0,0,0,0,0,1
29,2,2297,2,0,0,1,0,1,0,0,0,0,0,0,0,0,1,1,0,0
53,4,2450,2,0,1,0,0,1,0,0,1,0,0,0,0,0,0,0,0,1
35,1,5093,0,0,1,0,1,0,1,0,0,0,0,0,0,0,0,1,0,0
32,4,5309,4,0,1,0,0,1,0,0,1,0,0,0,0,0,0,0,1,0
38,3,3057,0,0,1,0,0,1,0,0,0,0,0,0,1,0,0,0,1,0
34,1,5121,0,0,1,0,1,0,0,0,0,0,1,0,0,0,0,1,0,0
52,1,16856,1,0,0,1,0,1,0,0,0,1,0,0,0,0,0,0,1,0
33,4,2686,7,0,1,0,0,1,0,0,0,0,0,0,1,0,0,0,0,1
25,4,6180,1,0,0,1,1,0,0,0,0,0,0,0,0,1,0,0,0,1
45,3,6632,3,0,0,1,0,1,0,0,0,0,0,0,0,0,1,0,0,1
23,3,3505,0,0,1,0,0,1,0,0,0,0,0,0,1,0,0,0,0,1
47,3,6397,1,0,0,1,1,0,0,0,0,0,0,0,0,1,0,0,0,1
34,4,6274,1,0,0,1,0,1,0,0,0,0,0,0,0,1,0,0,0,1
55,1,19859,1,0,1,0,0,1,0,0,0,1,0,0,0,0,0,0,1,0
36,1,7587,0,0,0,1,0,1,0,0,0,0,0,0,0,1,0,0,0,1
52,4,4258,1,0,1,0,0,1,0,0,0,0,0,0,1,0,0,0,1,0
26,4,4364,2,0,1,0,1,0,0,0,1,0,0,0,0,0,0,1,0,0
29,3,4335,1,0,1,0,1,0,1,0,0,0,0,0,0,0,0,0,1,0
26,1,5326,1,0,0,1,0,1,0,0,0,0,0,0,0,1,0,0,0,1
34,4,3280,1,0,1,0,1,0,0,0,0,0,0,0,1,0,0,0,0,1
54,1,5485,1,0,1,0,1,0,0,0,0,0,1,0,0,0,0,1,0,0
27,4,4342,1,0,0,1,0,1,0,0,0,0,0,0,0,1,0,0,1,0
37,1,2782,4,0,1,0,1,0,0,0,0,0,0,0,1,0,0,1,0,0
38,1,5980,4,0,1,0,1,0,0,0,0,0,1,0,0,0,0,0,0,1
34,1,4381,1,0,1,0,1,0,0,0,0,0,0,0,1,0,0,0,0,1
35,4,2572,0,0,0,1,1,0,0,0,0,0,0,0,0,0,1,0,1,0
30,3,3833,0,0,1,0,0,1,0,0,1,0,0,0,0,0,0,0,1,0
40,2,4244,3,0,1,0,1,0,1,0,0,0,0,0,0,0,0,0,1,0
34,1,6500,1,0,0,1,1,0,0,0,0,0,0,0,0,1,0,0,1,0
42,4,18430,14,0,1,0,0,1,0,0,0,1,0,0,0,0,0,1,0,0
23,1,1601,0,0,1,0,0,1,0,0,1,0,0,0,0,0,0,0,1,0
24,2,2694,0,0,1,0,0,1,0,0,1,0,0,0,0,0,0,1,0,0
52,3,3149,1,0,1,0,1,0,0,0,1,0,0,0,0,0,0,0,1,0
50,3,17639,0,0,1,0,0,1,0,0,0,0,0,1,0,0,0,0,1,0
29,1,2319,0,0,1,0,1,0,0,0,1,0,0,0,0,0,0,0,1,0
33,3,11691,3,0,1,0,0,1,0,0,0,0,0,1,0,0,0,0,1,0
33,1,5324,0,0,0,1,1,0,0,0,0,0,0,0,0,1,0,0,0,1
47,4,16752,3,0,1,0,1,0,0,0,0,1,0,0,0,0,0,0,1,0
36,2,5228,0,0,1,0,1,0,0,0,0,0,1,0,0,0,0,0,1,0
29,3,2700,0,0,1,0,0,1,0,0,0,0,0,0,1,0,0,0,1,0
58,2,19246,13,0,1,0,0,1,0,0,0,0,0,1,0,0,0,0,0,1
35,3,2506,2,0,1,0,1,0,0,0,0,0,0,0,1,0,0,0,0,1
42,4,6062,0,0,1,0,1,0,0,0,0,0,1,0,0,0,0,0,1,0
28,3,4382,2,0,1,0,0,1,0,0,0,0,0,0,1,0,0,0,0,1
36,2,2143,0,1,0,0,0,1,0,1,0,0,0,0,0,0,0,0,1,0
32,3,6162,6,0,1,0,1,0,0,0,0,0,1,0,0,0,0,0,1,0
40,3,5094,0,0,1,0,0,1,0,0,1,0,0,0,0,0,0,0,0,1
30,4,6877,0,0,1,0,1,0,0,0,0,0,1,0,0,0,0,0,0,1
45,3,2274,0,0,1,0,1,0,0,0,0,0,0,0,1,0,0,0,0,1
42,2,4434,7,0,1,0,0,1,0,0,0,0,1,0,0,0,0,0,1,0
38,1,6288,1,0,1,0,0,1,1,0,0,0,0,0,0,0,0,1,0,0
34,4,2553,1,0,1,0,1,0,0,0,0,0,0,0,1,0,0,0,0,1
49,4,7654,7,0,0,1,1,0,0,0,0,0,0,0,0,1,0,0,1,0
55,4,5160,7,0,0,1,0,1,0,0,0,0,0,0,0,1,0,0,0,1
43,1,17159,1,0,1,0,0,1,0,0,0,0,0,1,0,0,0,0,1,0
27,4,12808,0,0,1,0,0,1,0,0,0,0,0,1,0,0,0,1,0,0
35,3,10221,1,0,1,0,0,1,0,0,0,0,1,0,0,0,0,0,0,1
28,2,4779,7,0,0,1,1,0,0,0,0,0,0,0,0,1,0,0,1,0
34,4,3737,0,1,0,0,0,1,0,1,0,0,0,0,0,0,0,0,1,0
26,3,2366,1,0,1,0,1,0,0,0,0,0,0,0,1,0,0,0,1,0
27,4,1706,0,0,1,0,0,1,0,0,0,0,0,0,1,0,0,0,1,0
51,3,16307,4,0,0,1,1,0,0,0,0,1,0,0,0,0,0,0,1,0
44,2,5933,2,0,1,0,0,1,1,0,0,0,0,0,0,0,0,0,0,1
25,1,3424,0,0,1,0,0,1,0,0,0,0,0,0,1,0,0,0,0,1
33,1,4037,0,0,0,1,0,1,0,0,0,0,0,0,0,1,0,1,0,0
35,1,2559,1,0,1,0,1,0,0,0,0,0,0,0,1,0,0,0,0,1
36,4,6201,4,0,0,1,0,1,0,0,0,0,0,0,0,1,0,0,1,0
32,4,4403,0,0,0,1,0,1,0,0,0,0,0,0,0,1,0,1,0,0
30,4,3761,0,0,1,0,0,1,0,0,0,0,0,0,1,0,0,1,0,0
53,4,10934,0,0,0,1,1,0,0,0,0,0,0,0,0,1,0,0,1,0
45,1,10761,0,0,0,1,0,1,0,0,0,0,0,0,0,1,0,1,0,0
32,3,5175,1,0,1,0,1,0,0,0,0,0,0,0,1,0,0,0,1,0
52,4,13826,0,0,1,0,1,0,0,0,0,0,1,0,0,0,0,0,1,0
37,3,6334,0,0,0,1,0,1,0,0,0,0,0,0,0,1,0,1,0,0
28,4,4936,0,1,0,0,0,1,0,1,0,0,0,0,0,0,0,1,0,0
22,4,4775,2,0,1,0,0,1,0,0,0,0,1,0,0,0,0,0,1,0
44,4,2818,0,0,1,0,0,1,0,0,1,0,0,0,0,0,0,0,1,0
42,4,2515,2,0,1,0,0,1,0,0,0,0,0,0,1,0,0,0,0,1
36,1,2342,0,1,0,0,0,1,0,1,0,0,0,0,0,0,0,0,1,0
25,1,4194,0,0,0,1,0,1,0,0,0,0,0,0,0,1,0,0,1,0
35,3,10685,5,0,1,0,1,0,0,0,0,0,1,0,0,0,0,0,1,0
35,2,2022,7,0,1,0,1,0,0,0,0,0,0,0,1,0,0,1,0,0
32,4,2314,0,0,1,0,0,1,0,0,1,0,0,0,0,0,0,1,0,0
25,1,4256,0,0,0,1,0,1,0,0,0,0,0,0,0,1,0,0,1,0
49,1,3580,0,0,1,0,1,0,0,0,0,0,0,0,1,0,0,0,1,0
24,4,3162,3,0,1,0,0,1,0,0,1,0,0,0,0,0,0,0,1,0
32,2,6524,5,0,0,1,0,1,0,0,0,0,0,0,0,1,0,0,1,0
38,2,2899,1,0,0,1,0,1,0,0,0,0,0,0,0,0,1,0,1,0
42,4,5231,1,0,1,0,1,0,0,0,1,0,0,0,0,0,0,0,1,0
31,4,2356,0,0,1,0,0,1,0,0,0,0,0,0,1,0,0,0,1,0
29,3,2800,0,0,0,1,1,0,0,0,0,0,0,0,0,0,1,1,0,0
53,4,11836,2,0,0,1,0,1,0,0,0,0,0,0,0,1,0,0,1,0
35,2,10903,4,0,1,0,0,1,0,0,0,0,1,0,0,0,0,0,1,0
37,4,2973,0,0,0,1,1,0,0,0,0,0,0,0,0,0,1,0,1,0
53,4,14275,3,0,1,0,1,0,0,0,0,0,0,1,0,0,0,0,0,1
43,4,5562,2,0,1,0,1,0,1,0,0,0,0,0,0,0,0,0,1,0
47,4,4537,7,0,0,1,1,0,0,0,0,0,0,0,0,1,0,0,1,0
37,2,7642,0,0,0,1,0,1,0,0,0,0,0,0,0,1,0,0,0,1
50,1,17924,14,0,1,0,0,1,0,0,0,1,0,0,0,0,0,1,0,0
39,4,5204,0,1,0,0,1,0,0,1,0,0,0,0,0,0,0,0,1,0
33,2,2277,0,1,0,0,0,1,0,1,0,0,0,0,0,0,0,1,0,0
32,4,2795,0,0,1,0,0,1,0,0,1,0,0,0,0,0,0,0,0,1
29,4,2532,0,0,1,0,1,0,0,0,1,0,0,0,0,0,0,1,0,0
44,1,2559,7,0,1,0,0,1,0,0,0,0,0,0,1,0,0,0,1,0
28,4,4908,0,0,0,1,0,1,0,0,0,0,0,0,0,1,0,0,0,1
58,4,2380,0,0,1,0,0,1,0,0,1,0,0,0,0,0,0,1,0,0
43,2,4765,0,0,1,0,1,0,0,0,0,0,1,0,0,0,0,1,0,0
20,3,2044,0,0,0,1,1,0,0,0,0,0,0,0,0,0,1,0,0,1
21,4,2693,0,0,1,0,1,0,0,0,0,0,0,0,1,0,0,0,0,1
36,4,6586,4,0,1,0,0,1,1,0,0,0,0,0,0,0,0,0,1,0
47,4,3294,1,0,0,1,1,0,0,0,0,0,0,0,0,0,1,0,0,1
22,3,4171,0,0,1,0,1,0,0,0,0,0,1,0,0,0,0,0,1,0
41,4,2778,1,0,1,0,1,0,0,0,1,0,0,0,0,0,0,1,0,0
28,3,2377,2,0,1,0,1,0,0,0,0,0,0,0,1,0,0,1,0,0
39,1,2404,2,0,1,0,0,1,0,0,1,0,0,0,0,0,0,0,1,0
27,3,2318,0,0,1,0,1,0,0,0,0,0,0,0,1,0,0,0,0,1
34,2,2008,1,0,1,0,0,1,0,0,1,0,0,0,0,0,0,1,0,0
42,3,6244,0,0,0,1,1,0,0,0,0,0,0,0,0,1,0,0,0,1
33,1,2799,0,0,1,0,0,1,0,0,0,0,0,0,1,0,0,0,0,1
58,2,10552,0,0,1,0,1,0,1,0,0,0,0,0,0,0,0,1,0,0
31,3,2329,5,0,0,1,0,1,0,0,0,0,0,0,0,0,1,0,1,0
35,4,4014,0,0,1,0,1,0,1,0,0,0,0,0,0,0,0,0,1,0
49,2,7403,1,0,1,0,1,0,0,0,1,0,0,0,0,0,0,0,1,0
48,3,2259,0,0,1,0,0,1,0,0,0,0,0,0,1,0,0,0,1,0
31,3,6932,0,0,0,1,1,0,0,0,0,0,0,0,0,1,0,0,1,0
36,4,4678,0,0,1,0,0,1,0,0,0,0,0,0,1,0,0,0,0,1
38,1,13582,5,0,1,0,1,0,0,0,0,0,0,1,0,0,0,0,1,0
32,2,2332,0,0,1,0,1,0,0,0,1,0,0,0,0,0,0,0,1,0
25,2,2413,0,0,0,1,0,1,0,0,0,0,0,0,0,0,1,0,1,0
40,2,9705,0,0,0,1,0,1,0,0,0,0,0,0,0,1,0,1,0,0
26,1,4294,0,0,0,1,0,1,0,0,0,0,0,0,0,1,0,0,0,1
41,1,4721,2,0,1,0,0,1,0,0,1,0,0,0,0,0,0,0,0,1
36,3,2519,3,0,1,0,0,1,0,0,1,0,0,0,0,0,0,0,0,1
19,2,2121,0,0,0,1,0,1,0,0,0,0,0,0,0,0,1,0,0,1
20,1,2973,0,0,1,0,0,1,0,0,1,0,0,0,0,0,0,0,0,1
31,4,5855,8,0,1,0,1,0,1,0,0,0,0,0,0,0,0,0,1,0
40,2,3617,0,0,1,0,0,1,0,0,0,0,0,0,1,0,0,1,0,0
32,1,6725,6,0,1,0,1,0,0,0,0,0,1,0,0,0,0,0,1,0
36,4,10325,3,0,0,1,0,1,0,0,0,0,0,0,0,1,0,0,1,0
33,4,6949,1,0,1,0,1,0,1,0,0,0,0,0,0,0,0,0,0,1
37,3,10609,11,0,0,1,0,1,0,0,0,0,0,0,0,1,0,0,1,0
45,2,4447,0,0,1,0,0,1,0,0,1,0,0,0,0,0,0,0,1,0
29,4,2157,0,0,0,1,1,0,0,0,0,0,0,0,0,0,1,0,1,0
35,3,4601,1,0,0,1,1,0,0,0,0,0,0,0,0,1,0,0,1,0
52,4,17099,7,0,1,0,0,1,0,0,0,1,0,0,0,0,0,0,1,0
58,3,2479,0,0,1,0,0,1,0,0,0,0,0,0,1,0,0,0,0,1
53,3,14852,15,0,0,1,0,1,0,0,0,1,0,0,0,0,0,1,0,0
30,3,7264,7,0,0,1,0,1,0,0,0,0,0,0,0,1,0,1,0,0
38,4,5666,1,0,0,1,1,0,0,0,0,0,0,0,0,1,0,0,0,1
35,4,7823,0,0,0,1,0,1,0,0,0,0,0,0,0,1,0,1,0,0
39,3,7880,0,0,0,1,0,1,0,0,0,0,0,0,0,1,0,0,0,1
40,2,13194,0,0,0,1,1,0,0,0,0,0,0,0,0,1,0,0,0,1
47,3,5067,2,0,1,0,0,1,0,0,0,0,1,0,0,0,0,1,0,0
36,4,5079,0,0,0,1,0,1,0,0,0,0,0,0,0,1,0,1,0,0
31,1,2321,1,0,1,0,0,1,0,0,0,0,0,0,1,0,0,0,0,1
33,3,17444,6,0,0,1,0,1,0,0,0,1,0,0,0,0,0,0,0,1
29,1,2404,0,0,1,0,1,0,0,0,0,0,0,0,1,0,0,0,0,1
33,4,3452,0,0,1,0,1,0,0,0,0,0,0,0,1,0,0,0,0,1
45,4,2270,0,0,1,0,1,0,0,0,1,0,0,0,0,0,0,1,0,0
50,4,17399,1,0,1,0,0,1,0,0,0,0,0,1,0,0,0,1,0,0
33,2,5488,1,0,1,0,1,0,1,0,0,0,0,0,0,0,0,0,1,0
41,3,19419,0,0,1,0,0,1,0,0,0,0,0,1,0,0,0,1,0,0
27,2,2811,2,0,1,0,1,0,0,0,1,0,0,0,0,0,0,0,1,0
45,1,3633,0,0,1,0,0,1,0,0,1,0,0,0,0,0,0,0,1,0
47,4,4163,0,0,0,1,1,0,0,0,0,0,0,0,0,1,0,0,0,1
30,3,2132,0,0,1,0,1,0,0,0,0,0,0,0,1,0,0,0,1,0
50,3,13973,1,0,1,0,0,1,0,0,0,0,1,0,0,0,0,0,1,0
38,3,2684,0,0,1,0,0,1,0,0,0,0,0,0,1,0,0,0,1,0
46,3,10845,0,0,1,0,0,1,0,0,0,0,1,0,0,0,0,1,0,0
24,3,4377,3,0,1,0,1,0,0,0,0,0,1,0,0,0,0,1,0,0
35,2,3743,0,0,1,0,0,1,0,0,1,0,0,0,0,0,0,1,0,0
31,1,4148,0,0,1,0,1,0,0,0,0,0,1,0,0,0,0,0,1,0
18,4,1051,0,0,1,0,0,1,0,0,0,0,0,0,1,0,0,0,0,1
54,3,10739,0,0,1,0,1,0,0,0,0,0,1,0,0,0,0,0,1,0
35,3,10388,10,0,1,0,1,0,1,0,0,0,0,0,0,0,0,1,0,0
30,1,11416,1,0,1,0,1,0,0,0,0,0,0,1,0,0,0,0,1,0
20,1,2600,0,0,1,0,1,0,0,0,0,0,0,0,1,0,0,0,0,1
30,2,2422,1,0,1,0,1,0,0,0,1,0,0,0,0,0,0,0,0,1
26,4,5472,1,0,1,0,0,1,0,0,0,0,1,0,0,0,0,0,1,0
22,1,2451,1,0,1,0,0,1,0,0,1,0,0,0,0,0,0,0,1,0
48,3,4240,2,0,1,0,0,1,1,0,0,0,0,0,0,0,0,0,0,1
48,3,10999,4,0,1,0,0,1,1,0,0,0,0,0,0,0,0,0,0,1
41,3,5003,2,0,1,0,1,0,0,0,0,0,1,0,0,0,0,0,0,1
39,4,12742,11,0,1,0,1,0,0,0,0,0,1,0,0,0,0,0,1,0
27,4,4227,2,0,1,0,1,0,0,0,0,0,1,0,0,0,0,0,1,0
35,4,3917,1,0,1,0,0,1,0,0,1,0,0,0,0,0,0,1,0,0
42,3,18303,0,0,0,1,0,1,0,0,0,1,0,0,0,0,0,0,1,0
50,4,2380,0,0,1,0,0,1,0,0,1,0,0,0,0,0,0,0,1,0
59,4,13726,4,0,1,0,1,0,0,0,0,0,1,0,0,0,0,0,0,1
37,2,4777,0,0,1,0,1,0,1,0,0,0,0,0,0,0,0,0,1,0
55,2,6385,6,0,1,0,0,1,1,0,0,0,0,0,0,0,0,0,1,0
41,3,19973,5,0,1,0,1,0,0,0,0,0,0,1,0,0,0,1,0,0
38,4,6861,0,0,0,1,0,1,0,0,0,0,0,0,0,1,0,0,0,1
26,1,4969,2,0,0,1,0,1,0,0,0,0,0,0,0,1,0,0,0,1
52,4,19845,6,0,0,1,1,0,0,0,0,1,0,0,0,0,0,0,1,0
44,4,13320,11,0,0,1,1,0,0,0,0,0,0,0,0,1,0,0,1,0
50,3,6347,0,0,0,1,1,0,0,0,0,0,0,0,0,1,0,0,1,0
36,1,2743,15,0,1,0,1,0,0,0,1,0,0,0,0,0,0,0,0,1
39,1,10880,2,0,1,0,1,0,0,0,0,0,1,0,0,0,0,0,0,1
33,4,2342,2,0,0,1,1,0,0,0,0,0,0,0,0,0,1,0,0,1
45,4,17650,1,0,0,1,1,0,0,0,0,1,0,0,0,0,0,0,1,0
32,3,4025,7,0,1,0,1,0,0,0,1,0,0,0,0,0,0,0,0,1
34,4,9725,0,0,0,1,0,1,0,0,0,0,0,0,0,1,0,1,0,0
59,4,11904,0,0,0,1,0,1,0,0,0,1,0,0,0,0,0,0,1,0
45,2,2177,0,1,0,0,0,1,0,1,0,0,0,0,0,0,0,0,0,1
53,2,7525,6,0,0,1,1,0,0,0,0,0,0,0,0,1,0,0,1,0
36,3,4834,0,0,1,0,0,1,0,0,1,0,0,0,0,0,0,1,0,0
26,1,2042,1,0,1,0,0,1,0,0,0,0,0,0,1,0,0,0,1,0
34,3,2220,0,0,0,1,1,0,0,0,0,0,0,0,0,0,1,0,1,0
28,2,1052,0,0,0,1,0,1,0,0,0,0,0,0,0,0,1,0,1,0
38,3,2821,2,0,1,0,0,1,0,0,0,0,0,0,1,0,0,0,1,0
50,3,19237,7,0,1,0,0,1,0,0,0,0,0,1,0,0,0,0,1,0
37,2,4107,0,0,1,0,1,0,1,0,0,0,0,0,0,0,0,0,0,1
40,1,8396,7,0,0,1,0,1,0,0,0,0,0,0,0,1,0,0,1,0
26,3,2007,1,0,1,0,1,0,0,0,0,0,0,0,1,0,0,1,0,0
46,4,19627,2,0,1,0,0,1,0,0,0,0,0,1,0,0,0,1,0,0
54,3,10686,7,0,0,1,1,0,0,0,0,0,0,0,0,1,0,0,1,0
56,3,2942,0,0,1,0,1,0,0,0,0,0,0,0,1,0,0,0,1,0
36,4,8858,7,0,1,0,1,0,0,0,0,0,1,0,0,0,0,0,0,1
55,1,16756,6,0,1,0,0,1,0,0,0,1,0,0,0,0,0,0,0,1
43,4,10798,0,0,0,1,0,1,0,0,0,0,0,0,0,1,0,1,0,0
20,4,2323,0,0,0,1,1,0,0,0,0,0,0,0,0,0,1,0,0,1
21,1,1416,1,0,1,0,1,0,0,0,1,0,0,0,0,0,0,0,0,1
46,1,4615,1,0,1,0,1,0,0,0,0,0,0,0,1,0,0,1,0,0
51,3,2461,2,0,1,0,0,1,0,0,0,0,0,0,1,0,0,0,1,0
28,1,8722,1,0,1,0,0,1,1,0,0,0,0,0,0,0,0,0,0,1
26,1,3955,1,0,1,0,0,1,0,0,1,0,0,0,0,0,0,0,1,0
30,1,9957,0,0,1,0,0,1,0,0,0,0,1,0,0,0,0,0,1,0
41,3,3376,0,0,1,0,1,0,0,0,0,0,0,0,1,0,0,0,1,0
38,3,8823,1,0,1,0,1,0,1,0,0,0,0,0,0,0,0,0,1,0
40,4,10322,11,0,1,0,0,1,1,0,0,0,0,0,0,0,0,0,1,0
27,3,4621,1,0,1,0,0,1,0,0,1,0,0,0,0,0,0,0,1,0
55,2,10976,1,0,1,0,0,1,0,0,0,0,1,0,0,0,0,0,1,0
28,3,3660,1,0,1,0,1,0,0,0,0,0,0,0,1,0,0,0,0,1
44,1,10482,3,1,0,0,0,1,0,1,0,0,0,0,0,0,0,0,1,0
33,4,7119,1,0,1,0,0,1,1,0,0,0,0,0,0,0,0,1,0,0
35,1,9582,4,0,0,1,0,1,0,0,0,0,0,0,0,1,0,0,0,1
33,3,4508,3,0,1,0,1,0,0,0,0,0,0,0,1,0,0,0,0,1
28,3,2207,2,0,1,0,0,1,0,0,1,0,0,0,0,0,0,1,0,0
34,4,7756,0,0,1,0,0,1,1,0,0,0,0,0,0,0,0,0,0,1
37,4,6694,0,0,0,1,1,0,0,0,0,0,0,0,0,1,0,1,0,0
25,4,3691,5,0,1,0,0,1,0,0,1,0,0,0,0,0,0,0,1,0
26,3,2377,0,0,1,0,0,1,0,0,1,0,0,0,0,0,0,1,0,0
33,2,2313,2,0,1,0,0,1,0,0,0,0,0,0,1,0,0,0,0,1
42,1,17665,13,0,1,0,0,1,0,0,0,1,0,0,0,0,0,0,1,0
28,2,2596,0,0,1,0,0,1,0,0,1,0,0,0,0,0,0,1,0,0
50,3,4728,0,0,0,1,0,1,0,0,0,0,0,0,0,1,0,0,0,1
33,2,4302,0,0,0,1,1,0,0,0,0,0,0,0,0,1,0,0,1,0
34,4,2979,0,0,1,0,0,1,0,0,0,0,0,0,1,0,0,0,1,0
48,4,16885,2,0,1,0,0,1,0,0,0,1,0,0,0,0,0,0,0,1
45,3,5593,4,0,0,1,1,0,0,0,0,0,0,0,0,1,0,0,1,0
52,2,10445,4,0,1,0,0,1,1,0,0,0,0,0,0,0,0,0,0,1
38,3,8740,2,0,0,1,0,1,0,0,0,0,0,0,0,1,0,1,0,0
29,4,2514,1,0,1,0,1,0,0,0,0,0,0,0,1,0,0,1,0,0
28,2,7655,1,0,1,0,1,0,0,0,0,0,1,0,0,0,0,1,0,0
46,3,17465,4,0,0,1,0,1,0,0,0,1,0,0,0,0,0,0,1,0
38,2,7351,0,0,0,1,0,1,0,0,0,0,0,0,0,1,0,0,0,1
43,1,10820,0,0,1,0,1,0,0,0,0,0,1,0,0,0,0,0,1,0
39,4,12169,11,0,1,0,0,1,1,0,0,0,0,0,0,0,0,1,0,0
40,3,19626,4,0,1,0,0,1,0,0,0,0,0,1,0,0,0,0,0,1
21,2,2070,2,0,1,0,1,0,0,0,0,0,0,0,1,0,0,0,0,1
39,2,6782,0,0,1,0,0,1,0,0,1,0,0,0,0,0,0,0,0,1
36,4,7779,0,0,1,0,0,1,0,0,0,0,1,0,0,0,0,0,0,1
31,4,2791,2,0,0,1,0,1,0,0,0,0,0,0,0,0,1,0,1,0
28,2,3201,0,0,1,0,0,1,0,0,0,0,0,0,1,0,0,0,1,0
35,4,4968,0,0,0,1,0,1,0,0,0,0,0,0,0,1,0,1,0,0
49,2,13120,2,0,0,1,0,1,0,0,0,0,0,0,0,1,0,0,1,0
34,3,4033,0,0,1,0,0,1,0,0,0,0,1,0,0,0,0,0,0,1
29,2,3291,1,0,1,0,1,0,0,0,0,0,0,0,1,0,0,1,0,0
42,4,4272,0,0,1,0,0,1,0,0,1,0,0,0,0,0,0,0,0,1
29,4,5056,1,0,1,0,0,1,0,0,0,0,1,0,0,0,0,0,1,0
38,3,2844,5,1,0,0,0,1,0,1,0,0,0,0,0,0,0,0,1,0
28,3,2703,0,0,1,0,0,1,0,0,0,0,0,0,1,0,0,1,0,0
18,3,1904,0,0,1,0,0,1,0,0,1,0,0,0,0,0,0,0,0,1
33,1,8224,0,0,0,1,1,0,0,0,0,0,0,0,0,1,0,0,0,1
41,4,4766,0,0,1,0,0,1,0,0,1,0,0,0,0,0,0,0,1,0
31,3,2610,2,0,1,0,0,1,0,0,1,0,0,0,0,0,0,0,1,0
37,4,5731,1,0,1,0,1,0,1,0,0,0,0,0,0,0,0,1,0,0
27,3,2539,2,0,1,0,0,1,0,0,0,0,0,0,1,0,0,0,1,0
34,3,5714,1,0,0,1,1,0,0,0,0,0,0,0,0,1,0,0,1,0
35,3,4323,1,1,0,0,0,1,0,1,0,0,0,0,0,0,0,0,0,1
29,1,7336,3,0,0,1,1,0,0,0,0,0,0,0,0,1,0,0,1,0
40,3,13499,2,0,1,0,1,0,0,0,0,0,0,1,0,0,0,0,0,1
42,1,13758,13,0,0,1,0,1,0,0,0,0,0,0,0,1,0,0,0,1
42,1,5155,1,0,0,1,0,1,0,0,0,0,0,0,0,1,0,0,0,1
35,3,2258,1,0,1,0,0,1,0,0,1,0,0,0,0,0,0,0,1,0
24,2,3597,1,0,1,0,0,1,0,0,1,0,0,0,0,0,0,0,0,1
28,4,2515,0,0,1,0,1,0,0,0,1,0,0,0,0,0,0,0,1,0
26,4,4420,0,0,1,0,0,1,0,0,1,0,0,0,0,0,0,0,1,0
30,3,6578,1,0,0,1,0,1,0,0,0,0,0,0,0,1,0,0,1,0
40,4,4422,0,0,1,0,1,0,0,0,0,0,0,0,1,0,0,0,1,0
35,2,10274,6,0,1,0,0,1,0,0,0,0,1,0,0,0,0,1,0,0
34,1,5343,4,0,1,0,0,1,1,0,0,0,0,0,0,0,0,0,0,1
35,4,2376,2,0,1,0,0,1,0,0,1,0,0,0,0,0,0,0,1,0
43,3,5346,1,0,0,1,1,0,0,0,0,0,0,0,0,1,0,0,0,1
32,1,2827,0,0,0,1,1,0,0,0,0,0,0,0,0,0,1,1,0,0
56,1,19943,4,0,1,0,1,0,0,0,0,1,0,0,0,0,0,1,0,0
29,4,3131,0,0,1,0,1,0,0,0,1,0,0,0,0,0,0,0,1,0
19,1,2552,0,0,1,0,0,1,0,0,0,0,0,0,1,0,0,0,0,1
45,3,4477,0,0,1,0,1,0,0,0,0,0,0,0,1,0,0,0,1,0
37,4,6474,3,0,1,0,1,0,0,0,0,0,1,0,0,0,0,0,1,0
20,3,3033,1,0,1,0,0,1,0,0,1,0,0,0,0,0,0,0,0,1
44,3,2936,0,0,1,0,0,1,0,0,0,0,0,0,1,0,0,0,0,1
53,3,18606,4,0,1,0,1,0,0,0,0,1,0,0,0,0,0,1,0,0
29,4,2168,1,0,1,0,1,0,0,0,0,0,0,0,1,0,0,0,1,0
22,4,2853,0,0,1,0,0,1,0,0,0,0,0,0,1,0,0,0,1,0
46,1,17048,15,0,0,1,1,0,0,0,0,1,0,0,0,0,0,0,1,0
44,3,2290,0,0,1,0,0,1,0,0,0,0,0,0,1,0,0,0,0,1
33,3,3600,1,1,0,0,0,1,0,1,0,0,0,0,0,0,0,0,1,0
41,1,2107,0,0,1,0,0,1,0,0,0,0,0,0,1,0,0,1,0,0
30,1,4115,0,0,0,1,0,1,0,0,0,0,0,0,0,1,0,1,0,0
40,2,4327,0,0,0,1,0,1,0,0,0,0,0,0,0,1,0,0,1,0
50,1,17856,2,0,1,0,1,0,0,0,0,1,0,0,0,0,0,0,1,0
28,1,3196,3,0,1,0,0,1,0,0,1,0,0,0,0,0,0,0,1,0
46,2,19081,0,0,1,0,0,1,0,0,0,0,0,1,0,0,0,0,1,0
35,1,8966,1,0,0,1,0,1,0,0,0,0,0,0,0,1,0,0,1,0
24,2,2210,0,0,1,0,1,0,0,0,1,0,0,0,0,0,0,0,1,0
33,3,4539,0,0,0,1,1,0,0,0,0,0,0,0,0,1,0,0,1,0
36,3,2741,1,0,1,0,0,1,0,0,1,0,0,0,0,0,0,1,0,0
30,3,3491,8,0,1,0,0,1,0,0,1,0,0,0,0,0,0,1,0,0
44,4,4541,13,0,1,0,0,1,0,0,0,0,0,0,1,0,0,0,0,1
20,4,2678,2,0,0,1,0,1,0,0,0,0,0,0,0,0,1,0,0,1
46,4,7379,1,0,1,0,0,1,0,0,0,0,1,0,0,0,0,1,0,0
42,1,6272,0,1,0,0,0,1,0,1,0,0,0,0,0,0,0,0,1,0
60,4,5220,1,0,0,1,0,1,0,0,0,0,0,0,0,1,0,1,0,0
32,2,2743,2,0,1,0,1,0,0,0,1,0,0,0,0,0,0,0,1,0
32,3,4998,0,0,1,0,1,0,0,0,0,0,0,0,1,0,0,0,0,1
36,1,10252,7,0,1,0,1,0,0,0,0,0,1,0,0,0,0,1,0,0
33,4,2781,4,0,1,0,0,1,0,0,0,0,0,0,1,0,0,0,1,0
40,2,6852,1,0,0,1,1,0,0,0,0,0,0,0,0,1,0,1,0,0
25,4,4950,1,0,0,1,0,1,0,0,0,0,0,0,0,1,0,0,0,1
30,2,3579,5,0,1,0,0,1,0,0,0,0,0,0,1,0,0,0,1,0
42,1,13191,0,0,1,0,1,0,0,0,0,0,0,1,0,0,0,0,1,0
35,4,10377,4,0,0,1,1,0,0,0,0,0,0,0,0,1,0,0,1,0
27,1,2235,6,0,1,0,0,1,0,0,0,0,0,0,1,0,0,0,1,0
54,3,10502,1,0,1,0,1,0,0,0,0,0,1,0,0,0,0,1,0,0
44,4,2011,7,0,1,0,1,0,0,0,0,0,0,0,1,0,0,0,1,0
19,2,1859,0,0,1,0,1,0,0,0,0,0,0,0,1,0,0,0,0,1
29,4,3760,1,0,1,0,1,0,0,0,0,0,0,0,1,0,0,1,0,0
54,4,17779,0,0,1,0,0,1,0,0,0,0,0,1,0,0,0,0,1,0
31,1,6833,0,0,1,0,0,1,1,0,0,0,0,0,0,0,0,0,1,0
31,1,6812,1,0,1,0,1,0,1,0,0,0,0,0,0,0,0,0,0,1
59,4,5171,0,0,0,1,1,0,0,0,0,0,0,0,0,1,0,0,0,1
43,4,19740,0,0,1,0,0,1,0,0,0,0,0,1,0,0,0,0,1,0
49,3,18711,0,0,1,0,0,1,0,0,0,1,0,0,0,0,0,0,1,0
36,2,3692,0,0,1,0,0,1,0,0,0,0,0,0,1,0,0,0,1,0
48,2,2559,0,0,1,0,0,1,0,0,1,0,0,0,0,0,0,0,0,1
27,3,2517,0,0,1,0,0,1,0,0,0,0,0,0,1,0,0,1,0,0
29,4,6623,1,0,1,0,0,1,1,0,0,0,0,0,0,0,0,1,0,0
48,4,18265,0,0,1,0,0,1,0,0,0,0,0,1,0,0,0,0,0,1
29,4,16124,1,0,1,0,1,0,0,0,0,0,0,1,0,0,0,1,0,0
34,3,2585,0,0,1,0,1,0,0,0,0,0,0,0,1,0,0,0,1,0
44,2,18213,3,0,0,1,0,1,0,0,0,1,0,0,0,0,0,0,1,0
33,3,8380,0,0,0,1,0,1,0,0,0,0,0,0,0,1,0,1,0,0
19,4,2994,0,0,1,0,1,0,0,0,0,0,0,0,1,0,0,0,0,1
23,3,1223,0,0,1,0,0,1,0,0,0,0,0,0,1,0,0,0,1,0
25,4,1118,1,0,0,1,0,1,0,0,0,0,0,0,0,0,1,0,0,1
26,4,2875,2,0,1,0,0,1,0,0,0,0,0,0,1,0,0,0,0,1
45,2,18824,1,0,0,1,1,0,0,0,0,1,0,0,0,0,0,0,0,1
55,2,13577,15,0,1,0,0,1,1,0,0,0,0,0,0,0,0,1,0,0
21,3,2625,2,0,1,0,1,0,0,0,1,0,0,0,0,0,0,0,0,1
46,2,18789,0,0,0,1,1,0,0,0,0,1,0,0,0,0,0,0,1,0
34,1,4538,0,0,0,1,1,0,0,0,0,0,0,0,0,1,0,0,0,1
51,2,19847,11,0,0,1,0,1,0,0,0,1,0,0,0,0,0,1,0,0
59,4,10512,5,0,1,0,0,1,0,0,0,0,1,0,0,0,0,0,0,1
34,2,4444,5,0,1,0,1,0,0,0,1,0,0,0,0,0,0,1,0,0
28,3,2154,0,0,1,0,0,1,0,0,1,0,0,0,0,0,0,0,0,1
44,1,19190,14,0,1,0,0,1,0,0,0,1,0,0,0,0,0,1,0,0
34,2,4490,1,1,0,0,0,1,0,1,0,0,0,0,0,0,0,0,1,0
35,3,3506,2,0,1,0,0,1,0,0,0,0,0,0,1,0,0,0,1,0
42,2,2372,0,0,1,0,1,0,0,0,0,0,0,0,1,0,0,0,1,0
43,4,10231,15,0,0,1,1,0,0,0,0,0,0,0,0,1,0,0,0,1
36,2,5410,5,0,1,0,1,0,0,0,0,0,1,0,0,0,0,0,0,1
44,4,7978,0,0,1,0,1,0,1,0,0,0,0,0,0,0,0,0,1,0
28,4,3867,2,0,1,0,0,1,0,0,1,0,0,0,0,0,0,0,1,0
51,3,2838,7,0,1,0,1,0,0,0,1,0,0,0,0,0,0,0,0,1
30,3,4695,1,0,1,0,1,0,0,0,0,0,1,0,0,0,0,0,0,1
29,3,3339,7,0,1,0,1,0,0,0,1,0,0,0,0,0,0,1,0,0
28,1,2080,1,0,1,0,0,1,0,0,0,0,0,0,1,0,0,0,0,1
25,2,2096,2,0,1,0,1,0,0,0,0,0,0,0,1,0,0,0,0,1
32,4,6209,0,0,0,1,0,1,0,0,0,0,0,0,0,1,0,0,1,0
45,2,18061,0,0,1,0,1,0,0,0,0,1,0,0,0,0,0,0,0,1
39,2,17123,15,0,1,0,1,0,0,0,0,1,0,0,0,0,0,1,0,0
58,3,2372,2,0,1,0,0,1,0,0,0,0,0,0,1,0,0,1,0,0
32,3,4883,1,0,1,0,0,1,0,0,1,0,0,0,0,0,0,0,1,0
39,1,3904,0,0,1,0,0,1,0,0,0,0,0,0,1,0,0,0,0,1
30,4,4627,6,0,1,0,1,0,0,0,1,0,0,0,0,0,0,0,1,0
36,3,7094,1,0,1,0,1,0,1,0,0,0,0,0,0,0,0,0,1,0
46,1,3423,5,1,0,0,1,0,0,1,0,0,0,0,0,0,0,0,0,1
28,4,6674,7,0,1,0,1,0,0,0,1,0,0,0,0,0,0,0,1,0
50,1,16880,1,0,1,0,1,0,0,0,0,0,0,1,0,0,0,0,1,0
40,2,9094,1,0,0,1,0,1,0,0,0,0,0,0,0,1,0,0,0,1
52,2,8446,7,0,0,1,0,1,0,0,0,0,0,0,0,1,0,0,0,1
30,1,11916,0,0,1,0,1,0,0,0,0,1,0,0,0,0,0,0,1,0
39,3,4534,1,0,1,0,0,1,0,0,0,0,1,0,0,0,0,0,0,1
31,3,9852,9,0,0,1,1,0,0,0,0,0,0,0,0,1,0,1,0,0
41,2,6151,11,0,0,1,0,1,0,0,0,0,0,0,0,1,0,0,0,1
31,2,2302,2,0,0,1,1,0,0,0,0,0,0,0,0,0,1,0,0,1
44,1,2362,1,0,1,0,0,1,0,0,1,0,0,0,0,0,0,0,1,0
42,3,17861,2,0,1,0,0,1,0,0,0,1,0,0,0,0,0,0,1,0
55,3,19187,9,0,1,0,1,0,0,0,0,1,0,0,0,0,0,0,1,0
56,2,19717,7,1,0,0,0,1,0,0,0,1,0,0,0,0,0,0,0,1
40,3,3544,0,0,1,0,0,1,0,0,0,0,0,0,1,0,0,1,0,0
34,4,8500,1,0,1,0,0,1,1,0,0,0,0,0,0,0,0,1,0,0
40,4,4661,8,0,1,0,0,1,0,0,0,0,0,0,1,0,0,0,0,1
41,1,4103,1,0,0,1,1,0,0,0,0,0,0,0,0,1,0,1,0,0
35,3,4249,1,0,1,0,0,1,0,0,0,0,0,0,1,0,0,0,0,1
51,2,14026,0,1,0,0,0,1,0,0,0,1,0,0,0,0,0,1,0,0
38,1,6893,1,0,0,1,1,0,0,0,0,0,0,0,0,1,0,1,0,0
34,1,6125,9,0,0,1,1,0,0,0,0,0,0,0,0,1,0,0,0,1
25,4,3669,1,0,1,0,0,1,0,0,1,0,0,0,0,0,0,0,1,0
58,1,10008,5,0,1,0,1,0,0,0,0,0,1,0,0,0,0,0,1,0
40,2,2387,0,0,1,0,0,1,0,0,1,0,0,0,0,0,0,0,1,0
36,1,4639,6,0,0,1,1,0,0,0,0,0,0,0,0,1,0,0,1,0
48,4,7898,0,0,1,0,0,1,0,0,0,0,1,0,0,0,0,0,0,1
27,4,2534,0,0,0,1,1,0,0,0,0,0,0,0,0,0,1,0,1,0
51,2,13142,0,0,1,0,1,0,0,0,0,0,1,0,0,0,0,0,0,1
18,4,1611,0,0,1,0,1,0,0,0,1,0,0,0,0,0,0,0,0,1
35,4,5363,0,0,1,0,1,0,0,0,1,0,0,0,0,0,0,0,1,0
27,4,5071,0,0,0,1,0,1,0,0,0,0,0,0,0,1,0,0,0,1
55,3,13695,3,0,0,1,0,1,0,0,0,0,0,0,0,1,0,0,0,1
56,2,13402,15,0,1,0,0,1,0,0,0,0,1,0,0,0,0,0,1,0
34,3,2029,0,0,1,0,1,0,0,0,0,0,0,0,1,0,0,1,0,0
40,3,6377,11,0,1,0,1,0,1,0,0,0,0,0,0,0,0,1,0,0
34,3,5429,7,0,1,0,0,1,0,0,1,0,0,0,0,0,0,0,1,0
31,4,2785,0,0,0,1,1,0,0,0,0,0,0,0,0,0,1,0,0,1
35,3,4614,3,0,0,1,1,0,0,0,0,0,0,0,0,1,0,0,1,0
38,3,2610,0,0,1,0,0,1,0,0,0,0,0,0,1,0,0,1,0,0
34,4,6687,4,0,1,0,1,0,1,0,0,0,0,0,0,0,0,0,0,1
28,1,4724,0,0,0,1,0,1,0,0,0,0,0,0,0,1,0,0,1,0
31,3,6179,6,0,1,0,0,1,0,0,0,0,1,0,0,0,0,0,1,0
39,4,6120,1,0,0,1,0,1,0,0,0,0,0,0,0,1,0,0,1,0
51,2,10596,3,0,0,1,0,1,0,0,0,0,0,0,0,1,0,0,1,0
41,4,5467,3,0,1,0,1,0,0,0,0,0,0,0,1,0,0,1,0,0
37,3,2996,1,0,1,0,0,1,0,0,0,0,0,0,1,0,0,0,1,0
33,4,9998,1,0,0,1,0,1,0,0,0,0,0,0,0,1,0,0,1,0
32,2,4078,1,0,0,1,0,1,0,0,0,0,0,0,0,1,0,0,1,0
39,3,10920,0,0,1,0,0,1,1,0,0,0,0,0,0,0,0,0,1,0
25,3,6232,1,0,0,1,0,1,0,0,0,0,0,0,0,1,0,0,1,0
52,3,13247,0,0,1,0,1,0,0,0,0,0,1,0,0,0,0,0,1,0
43,3,4081,1,0,1,0,1,0,0,0,0,0,0,0,1,0,0,0,0,1
27,4,5769,4,0,0,1,1,0,0,0,0,0,0,0,0,1,0,0,1,0
27,3,2394,7,0,1,0,1,0,0,0,0,0,0,0,1,0,0,0,0,1
26,4,3904,1,0,1,0,0,1,0,0,0,0,0,0,1,0,0,0,0,1
42,1,16799,0,1,0,0,1,0,0,0,0,1,0,0,0,0,0,0,1,0
52,1,2950,0,0,1,0,1,0,0,0,1,0,0,0,0,0,0,0,1,0
37,3,3629,0,0,1,0,1,0,0,0,1,0,0,0,0,0,0,0,0,1
35,4,9362,2,0,1,0,0,1,0,0,0,0,1,0,0,0,0,0,0,1
25,4,3229,0,0,1,0,0,1,0,0,1,0,0,0,0,0,0,0,1,0
26,1,3578,0,0,1,0,0,1,0,0,1,0,0,0,0,0,0,0,0,1
29,1,7988,0,1,0,0,0,1,0,1,0,0,0,0,0,0,0,0,0,1
49,1,4284,1,0,1,0,0,1,0,0,1,0,0,0,0,0,0,0,0,1
29,4,7553,7,0,1,0,1,0,1,0,0,0,0,0,0,0,0,0,0,1
54,4,17328,12,0,1,0,1,0,0,0,0,0,0,1,0,0,0,0,0,1
58,1,19701,1,0,1,0,1,0,0,0,0,0,0,1,0,0,0,0,1,0
55,4,14732,0,0,1,0,0,1,0,0,0,0,0,1,0,0,0,1,0,0
36,2,9278,0,0,0,1,1,0,0,0,0,0,0,0,0,1,0,0,0,1
31,3,1359,0,0,0,1,1,0,0,0,0,0,0,0,0,0,1,0,0,1
30,1,4779,0,0,0,1,1,0,0,0,0,0,0,0,0,1,0,1,0,0
31,2,16422,1,0,1,0,1,0,0,0,0,0,0,1,0,0,0,0,0,1
34,1,2996,1,0,1,0,0,1,0,0,0,0,0,0,1,0,0,1,0,0
31,2,1261,0,0,1,0,1,0,0,0,0,0,0,0,1,0,0,0,0,1
27,1,2099,1,0,1,0,0,1,0,0,1,0,0,0,0,0,0,0,1,0
36,4,5810,1,0,1,0,0,1,0,0,1,0,0,0,0,0,0,0,0,1
36,1,5647,0,0,0,1,1,0,0,0,0,0,0,0,0,1,0,0,1,0
47,4,3420,1,0,1,0,0,1,0,0,0,0,0,0,1,0,0,0,1,0
25,1,4400,2,0,0,1,0,1,0,0,0,0,0,0,0,0,1,0,1,0
37,3,3500,1,0,1,0,0,1,0,0,1,0,0,0,0,0,0,0,0,1
56,1,2066,1,0,1,0,1,0,0,0,0,0,0,0,1,0,0,0,1,0
47,3,17169,5,0,1,0,1,0,0,0,0,0,0,1,0,0,0,0,1,0
24,3,4162,0,0,0,1,1,0,0,0,0,0,0,0,0,1,0,0,1,0
32,4,9204,0,0,0,1,0,1,0,0,0,0,0,0,0,1,0,0,1,0
34,2,3294,0,0,1,0,1,0,0,0,1,0,0,0,0,0,0,0,1,0
41,3,2127,0,0,1,0,0,1,0,0,0,0,0,0,1,0,0,0,1,0
40,3,3975,0,0,1,0,0,1,0,0,1,0,0,0,0,0,0,1,0,0
31,4,10793,9,0,0,1,0,1,0,0,0,0,0,0,0,1,0,1,0,0
46,4,10096,4,0,0,1,0,1,0,0,0,0,0,0,0,1,0,1,0,0
39,1,3646,0,0,1,0,1,0,0,0,1,0,0,0,0,0,0,0,0,1
31,2,7446,4,0,1,0,1,0,0,0,0,0,1,0,0,0,0,0,0,1
45,1,10851,0,0,1,0,0,1,1,0,0,0,0,0,0,0,0,1,0,0
31,2,2109,0,1,0,0,1,0,0,1,0,0,0,0,0,0,0,0,0,1
31,4,3722,2,0,1,0,0,1,0,0,1,0,0,0,0,0,0,0,1,0
45,4,9380,1,0,1,0,0,1,0,0,0,0,1,0,0,0,0,0,1,0
48,1,5486,2,0,0,1,0,1,0,0,0,0,0,0,0,1,0,1,0,0
34,3,2742,2,1,0,0,1,0,0,1,0,0,0,0,0,0,0,0,1,0
40,2,13757,4,0,1,0,0,1,0,0,0,0,0,1,0,0,0,1,0,0
28,1,8463,1,0,0,1,0,1,0,0,0,0,0,0,0,1,0,0,0,1
44,3,3162,0,0,1,0,0,1,0,0,1,0,0,0,0,0,0,0,0,1
53,2,16598,8,0,1,0,0,1,0,0,0,0,0,1,0,0,0,0,0,1
49,3,6651,1,0,1,0,0,1,1,0,0,0,0,0,0,0,0,0,1,0
40,3,2345,1,0,1,0,0,1,0,0,0,0,0,0,1,0,0,1,0,0
44,2,3420,1,0,1,0,0,1,0,0,0,0,0,0,1,0,0,0,0,1
33,1,4373,0,0,0,1,0,1,0,0,0,0,0,0,0,1,0,0,1,0
34,1,4759,3,0,0,1,0,1,0,0,0,0,0,0,0,1,0,0,0,1
30,3,5301,2,0,0,1,0,1,0,0,0,0,0,0,0,1,0,0,1,0
42,4,3673,5,0,1,0,1,0,0,0,1,0,0,0,0,0,0,0,0,1
44,3,4768,0,0,0,1,1,0,0,0,0,0,0,0,0,1,0,0,1,0
30,3,1274,0,0,1,0,0,1,0,0,0,0,0,0,1,0,0,1,0,0
57,3,4900,2,0,1,0,0,1,0,0,0,0,0,0,1,0,0,0,1,0
49,2,10466,0,0,1,0,0,1,1,0,0,0,0,0,0,0,0,1,0,0
34,1,17007,6,0,1,0,0,1,0,0,0,0,0,1,0,0,0,1,0,0
28,3,2909,1,0,0,1,0,1,0,0,0,0,0,0,0,0,1,0,1,0
29,2,5765,0,0,0,1,1,0,0,0,0,0,0,0,0,1,0,0,0,1
34,2,4599,10,0,0,1,1,0,0,0,0,0,0,0,0,1,0,0,0,1
35,3,2404,0,0,0,1,0,1,0,0,0,0,0,0,0,0,1,0,1,0
24,1,3172,0,0,1,0,0,1,0,0,1,0,0,0,0,0,0,0,0,1
24,2,2033,0,0,0,1,1,0,0,0,0,0,0,0,0,0,1,0,1,0
44,3,10209,2,0,1,0,0,1,0,0,0,0,1,0,0,0,0,0,0,1
29,3,8620,0,0,0,1,0,1,0,0,0,0,0,0,0,1,0,1,0,0
30,3,2064,1,1,0,0,0,1,0,1,0,0,0,0,0,0,0,1,0,0
55,3,4035,1,0,1,0,0,1,1,0,0,0,0,0,0,0,0,0,1,0
33,2,3838,0,0,1,0,1,0,0,0,1,0,0,0,0,0,0,0,1,0
47,3,4591,1,0,0,1,1,0,0,0,0,0,0,0,0,1,0,0,1,0
28,1,2561,0,0,1,0,0,1,0,0,1,0,0,0,0,0,0,0,0,1
28,3,1563,0,0,1,0,0,1,0,0,0,0,0,0,1,0,0,1,0,0
28,1,4898,1,0,0,1,0,1,0,0,0,0,0,0,0,1,0,0,0,1
49,1,4789,1,0,1,0,1,0,0,0,1,0,0,0,0,0,0,0,1,0
29,2,3180,0,0,1,0,1,0,0,0,1,0,0,0,0,0,0,0,1,0
28,2,6549,1,0,1,0,0,1,0,0,0,0,1,0,0,0,0,0,1,0
33,3,6388,0,0,1,0,0,1,1,0,0,0,0,0,0,0,0,0,0,1
32,4,11244,0,0,1,0,0,1,0,0,0,1,0,0,0,0,0,0,0,1
54,4,16032,1,0,1,0,1,0,0,0,0,1,0,0,0,0,0,1,0,0
29,1,2362,0,0,1,0,0,1,0,0,0,0,0,0,1,0,0,0,0,1
44,1,16328,14,0,1,0,0,1,0,0,0,0,0,1,0,0,0,0,1,0
39,2,8376,2,0,1,0,1,0,0,0,0,0,1,0,0,0,0,0,0,1
46,2,16606,5,0,0,1,1,0,0,0,0,1,0,0,0,0,0,0,1,0
35,2,8606,3,0,1,0,1,0,1,0,0,0,0,0,0,0,0,0,0,1
23,3,2272,1,0,1,0,0,1,0,0,1,0,0,0,0,0,0,0,0,1
40,1,2018,1,0,1,0,0,1,0,0,1,0,0,0,0,0,0,0,0,1
34,3,7083,8,0,0,1,0,1,0,0,0,0,0,0,0,1,0,0,1,0
31,3,4084,7,0,1,0,1,0,0,0,0,0,0,0,1,0,0,0,0,1
50,4,14411,13,0,1,0,0,1,0,0,0,0,0,1,0,0,0,0,0,1
34,3,2308,5,0,0,1,0,1,0,0,0,0,0,0,0,0,1,0,1,0
42,2,4841,0,0,1,0,0,1,0,0,1,0,0,0,0,0,0,0,1,0
37,4,4285,3,0,1,0,0,1,0,0,0,0,0,0,1,0,0,0,1,0
29,1,9715,0,0,1,0,1,0,1,0,0,0,0,0,0,0,0,0,1,0
33,2,4320,0,0,1,0,0,1,0,0,0,0,1,0,0,0,0,0,0,1
45,4,2132,0,0,1,0,0,1,0,0,0,0,0,0,1,0,0,0,1,0
42,4,10124,13,0,1,0,0,1,1,0,0,0,0,0,0,0,0,0,1,0
40,1,5473,7,0,0,1,0,1,0,0,0,0,0,0,0,1,0,0,1,0
33,3,5207,5,0,1,0,0,1,0,0,1,0,0,0,0,0,0,0,1,0
40,4,16437,7,1,0,0,0,1,0,0,0,1,0,0,0,0,0,0,0,1
24,1,2296,0,0,1,0,0,1,0,0,1,0,0,0,0,0,0,1,0,0
40,4,4069,2,0,1,0,0,1,1,0,0,0,0,0,0,0,0,1,0,0
45,2,7441,7,0,1,0,0,1,1,0,0,0,0,0,0,0,0,1,0,0
35,3,2430,4,0,0,1,1,0,0,0,0,0,0,0,0,0,1,0,1,0
32,2,5878,2,0,1,0,1,0,0,0,0,0,0,0,1,0,0,0,1,0
36,4,2644,1,0,0,1,0,1,0,0,0,0,0,0,0,0,1,0,0,1
48,3,6439,7,0,0,1,1,0,0,0,0,0,0,0,0,1,0,1,0,0
29,3,2451,0,0,1,0,0,1,0,0,0,0,0,0,1,0,0,0,1,0
33,1,6392,2,0,0,1,0,1,0,0,0,0,0,0,0,1,0,0,1,0
30,1,9714,6,0,0,1,0,1,0,0,0,0,0,0,0,1,0,0,1,0
38,3,6077,1,1,0,0,0,1,0,1,0,0,0,0,0,0,0,0,1,0
35,1,2450,1,0,1,0,0,1,0,0,1,0,0,0,0,0,0,0,0,1
30,2,9250,1,0,0,1,0,1,0,0,0,0,0,0,0,1,0,0,1,0
35,1,2074,0,0,1,0,1,0,0,0,1,0,0,0,0,0,0,1,0,0
53,4,10169,1,0,1,0,1,0,0,0,0,0,1,0,0,0,0,0,1,0
38,2,4855,1,0,1,0,0,1,0,0,0,0,1,0,0,0,0,0,1,0
32,1,4087,1,0,1,0,0,1,0,0,0,0,0,0,1,0,0,0,1,0
48,1,2367,7,0,1,0,1,0,0,0,0,0,0,0,1,0,0,0,1,0
34,4,2972,0,0,1,0,0,1,0,0,0,0,0,0,1,0,0,0,0,1
55,4,19586,2,0,0,1,0,1,0,0,0,1,0,0,0,0,0,0,1,0
34,4,5484,2,0,1,0,0,1,0,0,0,0,0,0,1,0,0,0,1,0
26,4,2061,0,0,1,0,1,0,0,0,0,0,0,0,1,0,0,0,1,0
38,2,9924,7,0,0,1,0,1,0,0,0,0,0,0,0,1,0,0,1,0
38,2,4198,1,0,0,1,1,0,0,0,0,0,0,0,0,1,0,0,0,1
36,3,6815,0,0,0,1,1,0,0,0,0,0,0,0,0,1,0,0,0,1
29,1,4723,1,0,1,0,0,1,0,0,1,0,0,0,0,0,0,0,0,1
35,3,6142,0,0,1,0,1,0,1,0,0,0,0,0,0,0,0,0,0,1
39,3,8237,7,0,0,1,0,1,0,0,0,0,0,0,0,1,0,0,1,0
29,4,8853,1,0,1,0,0,1,1,0,0,0,0,0,0,0,0,1,0,0
50,3,19331,0,0,0,1,0,1,0,0,0,1,0,0,0,0,0,0,1,0
23,3,2073,2,0,1,0,0,1,0,0,0,0,0,0,1,0,0,0,1,0
36,1,5562,0,0,1,0,0,1,0,0,1,0,0,0,0,0,0,0,1,0
42,4,19613,0,0,1,0,0,1,0,0,0,1,0,0,0,0,0,0,0,1
35,3,3407,6,0,1,0,0,1,0,0,1,0,0,0,0,0,0,0,1,0
34,3,5063,7,0,1,0,0,1,1,0,0,0,0,0,0,0,0,0,1,0
40,1,4639,1,0,0,1,1,0,0,0,0,0,0,0,0,1,0,0,1,0
43,2,4876,0,0,1,0,0,1,0,0,1,0,0,0,0,0,0,1,0,0
35,4,2690,0,0,1,0,0,1,0,0,1,0,0,0,0,0,0,0,1,0
46,1,17567,0,0,0,1,0,1,0,0,0,1,0,0,0,0,0,0,0,1
28,2,2408,0,0,1,0,0,1,0,0,1,0,0,0,0,0,0,0,1,0
22,3,2814,1,0,1,0,1,0,0,0,0,0,0,0,1,0,0,0,1,0
50,3,11245,12,0,1,0,0,1,1,0,0,0,0,0,0,0,0,0,1,0
32,4,3312,0,0,1,0,1,0,0,0,0,0,0,0,1,0,0,0,1,0
44,4,19049,1,0,1,0,1,0,0,0,0,0,0,1,0,0,0,1,0,0
30,2,2141,1,0,1,0,0,1,0,0,0,0,0,0,1,0,0,0,1,0
45,1,5769,1,0,1,0,1,0,0,0,1,0,0,0,0,0,0,0,0,1
45,1,4385,4,0,0,1,0,1,0,0,0,0,0,0,0,1,0,0,1,0
31,1,5332,0,0,0,1,0,1,0,0,0,0,0,0,0,1,0,0,0,1
36,3,4663,1,0,1,0,1,0,0,0,0,0,1,0,0,0,0,0,1,0
34,4,4724,7,0,1,0,0,1,0,0,0,0,1,0,0,0,0,1,0,0
49,1,3211,1,0,1,0,1,0,0,0,1,0,0,0,0,0,0,0,1,0
39,1,5377,7,0,1,0,0,1,0,0,0,0,1,0,0,0,0,0,1,0
27,1,4066,0,0,1,0,0,1,0,0,1,0,0,0,0,0,0,1,0,0
35,1,5208,1,0,1,0,0,1,0,0,0,0,0,0,1,0,0,0,1,0
28,1,4877,0,0,1,0,1,0,0,0,0,0,1,0,0,0,0,1,0,0
21,4,3117,2,0,1,0,0,1,0,0,0,0,0,0,1,0,0,0,0,1
18,4,1569,0,0,0,1,1,0,0,0,0,0,0,0,0,0,1,0,0,1
47,3,19658,1,1,0,0,1,0,0,0,0,1,0,0,0,0,0,0,1,0
39,3,3069,0,0,1,0,0,1,0,0,1,0,0,0,0,0,0,1,0,0
40,3,10435,14,0,1,0,1,0,0,0,0,0,1,0,0,0,0,0,1,0
35,3,4148,2,0,1,0,1,0,1,0,0,0,0,0,0,0,0,0,1,0
37,3,5768,0,0,1,0,0,1,0,0,0,0,1,0,0,0,0,0,1,0
39,3,5042,3,0,1,0,1,0,0,0,0,0,1,0,0,0,0,0,0,1
45,4,5770,3,0,1,0,1,0,0,0,0,0,1,0,0,0,0,1,0,0
38,3,7756,0,0,1,0,1,0,0,0,0,0,1,0,0,0,0,0,1,0
35,1,10306,6,0,0,1,0,1,0,0,0,0,0,0,0,1,0,0,1,0
37,2,3936,7,0,1,0,1,0,0,0,0,0,0,0,1,0,0,0,1,0
40,4,7945,3,0,1,0,1,0,0,0,0,0,1,0,0,0,0,0,0,1
44,4,5743,0,1,0,0,0,1,0,1,0,0,0,0,0,0,0,0,1,0
48,4,15202,2,0,1,0,0,1,0,0,0,1,0,0,0,0,0,0,1,0
35,4,5440,2,0,0,1,0,1,0,0,0,0,0,0,0,1,0,1,0,0
24,4,3760,1,0,1,0,1,0,0,0,0,0,0,0,1,0,0,0,0,1
27,3,3517,0,0,1,0,1,0,0,0,0,0,0,0,1,0,0,0,1,0
27,4,2580,1,0,1,0,0,1,0,0,0,0,0,0,1,0,0,0,0,1
40,1,2166,0,0,1,0,0,1,0,0,1,0,0,0,0,0,0,0,0,1
29,3,5869,1,0,0,1,0,1,0,0,0,0,0,0,0,1,0,0,0,1
36,1,8008,0,0,1,0,1,0,1,0,0,0,0,0,0,0,0,0,1,0
25,3,5206,0,0,1,0,0,1,0,0,0,0,1,0,0,0,0,1,0,0
39,2,5295,1,0,1,0,0,1,0,0,0,0,1,0,0,0,0,0,1,0
49,2,16413,1,0,1,0,1,0,0,0,0,0,0,1,0,0,0,0,1,0
50,1,13269,1,0,1,0,1,0,0,0,0,0,0,1,0,0,0,1,0,0
20,3,2783,2,0,0,1,1,0,0,0,0,0,0,0,0,0,1,0,0,1
34,2,5433,7,0,1,0,1,0,0,0,0,0,0,0,1,0,0,1,0,0
36,2,2013,1,0,1,0,0,1,0,0,1,0,0,0,0,0,0,0,0,1
49,3,13966,2,0,1,0,1,0,1,0,0,0,0,0,0,0,0,0,1,0
36,3,4374,1,0,1,0,1,0,0,0,0,0,1,0,0,0,0,0,1,0
36,1,6842,0,0,1,0,0,1,1,0,0,0,0,0,0,0,0,1,0,0
54,3,17426,4,0,1,0,1,0,0,0,0,1,0,0,0,0,0,0,1,0
43,3,17603,6,0,1,0,0,1,0,0,0,0,0,1,0,0,0,0,1,0
35,4,4581,6,0,0,1,0,1,0,0,0,0,0,0,0,1,0,0,0,1
38,4,4735,2,0,1,0,0,1,0,0,0,0,0,0,1,0,0,0,1,0
29,2,4187,0,0,0,1,0,1,0,0,0,0,0,0,0,1,0,1,0,0
33,4,5505,0,0,0,1,0,1,0,0,0,0,0,0,0,1,0,1,0,0
32,2,5470,1,0,1,0,0,1,0,0,0,0,0,0,1,0,0,1,0,0
31,4,5476,0,0,0,1,1,0,0,0,0,0,0,0,0,1,0,0,1,0
49,1,2587,2,0,1,0,1,0,0,0,1,0,0,0,0,0,0,1,0,0
38,2,2440,3,0,1,0,1,0,0,0,1,0,0,0,0,0,0,0,0,1
47,2,15972,1,0,0,1,1,0,0,0,0,1,0,0,0,0,0,1,0,0
49,3,15379,0,0,1,0,0,1,0,0,0,1,0,0,0,0,0,0,0,1
41,3,7082,0,0,0,1,0,1,0,0,0,0,0,0,0,1,0,0,0,1
20,1,2728,0,0,0,1,0,1,0,0,0,0,0,0,0,0,1,0,0,1
33,4,5368,1,0,0,1,1,0,0,0,0,0,0,0,0,1,0,1,0,0
36,3,5347,0,0,1,0,0,1,1,0,0,0,0,0,0,0,0,0,1,0
44,4,3195,2,1,0,0,1,0,0,1,0,0,0,0,0,0,0,1,0,0
23,3,3989,1,0,1,0,0,1,0,0,1,0,0,0,0,0,0,0,0,1
38,3,3306,0,0,1,0,1,0,0,0,1,0,0,0,0,0,0,0,1,0
53,4,7005,1,0,1,0,0,1,1,0,0,0,0,0,0,0,0,0,1,0
48,3,2655,7,0,0,1,1,0,0,0,0,0,0,0,0,0,1,0,1,0
32,2,1393,0,0,1,0,0,1,0,0,1,0,0,0,0,0,0,0,0,1
26,4,2570,5,0,1,0,0,1,0,0,1,0,0,0,0,0,0,0,0,1
55,2,3537,1,0,1,0,0,1,0,0,0,0,0,0,1,0,0,1,0,0
34,4,3986,4,0,1,0,0,1,0,0,1,0,0,0,0,0,0,0,1,0
60,4,10883,0,0,1,0,0,1,1,0,0,0,0,0,0,0,0,1,0,0
33,2,2028,2,0,1,0,0,1,0,0,1,0,0,0,0,0,0,0,1,0
37,4,9525,1,0,0,1,0,1,0,0,0,0,0,0,0,1,0,1,0,0
34,4,2929,8,0,1,0,1,0,0,0,0,0,0,0,1,0,0,0,1,0
23,4,2275,0,0,0,1,0,1,0,0,0,0,0,0,0,0,1,1,0,0
44,4,7879,6,0,1,0,1,0,1,0,0,0,0,0,0,0,0,0,1,0
35,4,4930,1,0,1,0,0,1,0,0,0,0,0,0,1,0,0,0,0,1
43,4,7847,8,0,0,1,0,1,0,0,0,0,0,0,0,1,0,0,1,0
24,3,4401,0,0,1,0,0,1,0,0,0,0,0,0,1,0,0,0,1,0
41,3,9241,8,0,0,1,0,1,0,0,0,0,0,0,0,1,0,0,0,1
29,3,2974,1,0,1,0,1,0,0,0,1,0,0,0,0,0,0,0,1,0
36,4,4502,6,0,0,1,1,0,0,0,0,0,0,0,0,0,1,0,0,1
45,3,10748,14,0,1,0,0,1,1,0,0,0,0,0,0,0,0,0,1,0
24,3,1555,0,1,0,0,0,1,0,1,0,0,0,0,0,0,0,0,1,0
47,3,12936,14,0,0,1,0,1,0,0,0,0,0,0,0,1,0,0,1,0
26,3,2305,0,0,1,0,0,1,0,0,1,0,0,0,0,0,0,0,1,0
45,2,16704,8,0,1,0,1,0,0,0,0,0,0,1,0,0,0,0,0,1
32,3,3433,1,0,1,0,0,1,0,0,0,0,0,0,1,0,0,0,1,0
31,3,3477,0,0,1,0,0,1,0,0,1,0,0,0,0,0,0,0,1,0
41,2,6430,1,1,0,0,0,1,0,1,0,0,0,0,0,0,0,0,1,0
40,1,6516,0,0,1,0,1,0,0,0,0,0,1,0,0,0,0,0,1,0
24,1,3907,1,0,1,0,0,1,0,0,1,0,0,0,0,0,0,1,0,0
46,2,5562,0,0,1,0,0,1,1,0,0,0,0,0,0,0,0,0,0,1
35,3,6883,0,0,1,0,0,1,0,0,0,0,1,0,0,0,0,0,1,0
30,4,2862,0,0,1,0,0,1,0,0,0,0,0,0,1,0,0,0,1,0
47,2,4978,0,0,0,1,0,1,0,0,0,0,0,0,0,1,0,0,1,0
46,4,10368,0,0,0,1,0,1,0,0,0,0,0,0,0,1,0,1,0,0
36,1,6134,2,0,0,1,0,1,0,0,0,0,0,0,0,1,0,1,0,0
32,2,6735,0,0,0,1,0,1,0,0,0,0,0,0,0,1,0,0,0,1
23,2,3295,1,0,1,0,1,0,0,0,1,0,0,0,0,0,0,0,0,1
31,4,5238,1,0,1,0,1,0,0,0,0,0,1,0,0,0,0,0,0,1
39,4,6472,5,0,1,0,0,1,0,0,1,0,0,0,0,0,0,0,1,0
32,3,9610,0,0,0,1,0,1,0,0,0,0,0,0,0,1,0,0,1,0
40,2,19833,12,0,0,1,0,1,0,0,0,1,0,0,0,0,0,0,0,1
45,3,9756,0,1,0,0,1,0,0,1,0,0,0,0,0,0,0,0,1,0
30,1,4968,0,0,1,0,1,0,0,0,0,0,0,0,1,0,0,0,0,1
24,4,2145,2,1,0,0,0,1,0,1,0,0,0,0,0,0,0,0,1,0
30,4,2180,1,1,0,0,1,0,0,1,0,0,0,0,0,0,0,1,0,0
31,3,8346,0,0,0,1,0,1,0,0,0,0,0,0,0,1,0,0,1,0
27,4,3445,1,0,1,0,1,0,0,0,0,0,0,0,1,0,0,0,0,1
29,2,2760,2,0,0,1,1,0,0,0,0,0,0,0,0,0,1,0,0,1
29,3,6294,0,0,1,0,0,1,1,0,0,0,0,0,0,0,0,0,0,1
30,1,7140,1,0,0,1,0,1,0,0,0,0,0,0,0,1,0,1,0,0
34,4,2932,1,0,1,0,0,1,0,0,0,0,0,0,1,0,0,0,1,0
33,2,5147,1,0,0,1,1,0,0,0,0,0,0,0,0,1,0,0,0,1
49,4,4507,0,0,0,1,1,0,0,0,0,0,0,0,0,1,0,0,0,1
33,1,8564,0,0,0,1,1,0,0,0,0,0,0,0,0,1,0,0,0,1
38,2,2468,0,0,1,0,1,0,0,0,1,0,0,0,0,0,0,0,1,0
31,3,8161,0,0,0,1,0,1,0,0,0,0,0,0,0,1,0,0,1,0
29,1,2109,0,0,1,0,1,0,0,0,0,0,0,0,1,0,0,1,0,0
30,3,5294,1,0,1,0,0,1,1,0,0,0,0,0,0,0,0,0,1,0
32,2,2718,0,0,1,0,0,1,0,0,0,0,0,0,1,0,0,0,0,1
38,4,5811,1,0,1,0,0,1,1,0,0,0,0,0,0,0,0,0,1,0
43,3,2437,0,0,1,0,0,1,0,0,0,0,0,0,1,0,0,0,1,0
42,2,2766,0,0,1,0,0,1,0,0,1,0,0,0,0,0,0,1,0,0
55,1,19038,0,0,1,0,0,1,0,0,0,0,0,1,0,0,0,0,1,0
33,2,3055,1,0,1,0,0,1,0,0,0,0,0,0,1,0,0,1,0,0
41,1,2289,0,0,1,0,0,1,0,0,1,0,0,0,0,0,0,1,0,0
34,3,4001,0,0,0,1,0,1,0,0,0,0,0,0,0,1,0,1,0,0
53,3,12965,0,0,1,0,1,0,0,0,0,0,1,0,0,0,0,0,1,0
43,4,3539,1,1,0,0,0,1,0,1,0,0,0,0,0,0,0,0,0,1
34,4,6029,2,0,0,1,1,0,0,0,0,0,0,0,0,1,0,0,0,1
21,2,2679,1,0,0,1,0,1,0,0,0,0,0,0,0,0,1,0,0,1
38,3,3702,0,0,1,0,1,0,0,0,1,0,0,0,0,0,0,0,1,0
22,1,2398,0,0,1,0,1,0,0,0,1,0,0,0,0,0,0,0,1,0
31,4,5468,5,0,0,1,1,0,0,0,0,0,0,0,0,1,0,0,1,0
51,3,13116,2,0,1,0,1,0,0,0,0,1,0,0,0,0,0,0,1,0
37,2,4189,0,0,0,1,0,1,0,0,0,0,0,0,0,1,0,0,1,0
46,4,19328,2,0,1,0,0,1,0,0,0,0,0,1,0,0,0,1,0,0
36,1,8321,5,0,1,0,0,1,1,0,0,0,0,0,0,0,0,0,1,0
44,2,2342,2,0,1,0,0,1,0,0,0,0,0,0,1,0,0,1,0,0
37,2,4071,4,1,0,0,0,1,0,1,0,0,0,0,0,0,0,1,0,0
35,4,5813,7,0,0,1,0,1,0,0,0,0,0,0,0,1,0,0,0,1
33,1,3143,7,0,1,0,0,1,0,0,0,0,0,0,1,0,0,0,1,0
28,4,2044,0,0,1,0,0,1,0,0,0,0,0,0,1,0,0,0,1,0
39,3,13464,2,0,1,0,0,1,0,0,0,0,0,1,0,0,0,0,0,1
46,2,7991,2,0,0,1,0,1,0,0,0,0,0,0,0,1,0,0,0,1
40,1,3377,0,0,1,0,1,0,0,0,1,0,0,0,0,0,0,0,1,0
42,1,5538,0,0,1,0,0,1,1,0,0,0,0,0,0,0,0,0,1,0
35,4,5762,1,0,1,0,0,1,0,0,0,0,1,0,0,0,0,1,0,0
38,2,2592,3,1,0,0,0,1,0,1,0,0,0,0,0,0,0,1,0,0
34,1,5346,0,0,1,0,0,1,0,0,1,0,0,0,0,0,0,0,1,0
37,1,4213,0,0,1,0,0,1,0,0,0,0,1,0,0,0,0,0,0,1
39,4,4127,2,0,0,1,0,1,0,0,0,0,0,0,0,1,0,1,0,0
43,3,2438,1,0,1,0,0,1,0,0,0,0,0,0,1,0,0,0,0,1
41,2,6870,1,0,1,0,0,1,1,0,0,0,0,0,0,0,0,0,0,1
41,3,10447,13,0,0,1,1,0,0,0,0,0,0,0,0,1,0,1,0,0
30,3,9667,0,0,1,0,1,0,0,0,0,0,1,0,0,0,0,0,0,1
26,2,2148,1,1,0,0,1,0,0,1,0,0,0,0,0,0,0,0,1,0
46,2,8926,3,0,1,0,1,0,1,0,0,0,0,0,0,0,0,0,1,0
40,4,6513,0,0,1,0,1,0,1,0,0,0,0,0,0,0,0,1,0,0
34,3,6799,4,0,0,1,0,1,0,0,0,0,0,0,0,1,0,0,1,0
58,2,16291,14,0,0,1,0,1,0,0,0,1,0,0,0,0,0,1,0,0
35,3,2705,0,0,1,0,0,1,0,0,1,0,0,0,0,0,0,0,1,0
47,2,10333,14,0,1,0,1,0,0,0,0,0,1,0,0,0,0,1,0,0
40,1,4448,7,0,1,0,1,0,1,0,0,0,0,0,0,0,0,1,0,0
54,4,6854,1,0,1,0,1,0,0,0,0,0,0,0,1,0,0,0,1,0
31,1,9637,2,0,0,1,1,0,0,0,0,0,0,0,0,1,0,0,1,0
28,1,3591,1,0,1,0,1,0,0,0,0,0,0,0,1,0,0,0,1,0
38,4,5405,0,0,0,1,1,0,0,0,0,0,0,0,0,0,1,0,1,0
26,4,4684,1,0,0,1,0,1,0,0,0,0,0,0,0,1,0,0,0,1
58,3,15787,2,0,1,0,0,1,0,0,0,0,0,1,0,0,0,0,1,0
18,3,1514,0,0,1,0,1,0,0,0,0,0,0,0,1,0,0,0,0,1
31,1,2956,0,1,0,0,0,1,0,1,0,0,0,0,0,0,0,0,1,0
29,1,2335,2,1,0,0,0,1,0,1,0,0,0,0,0,0,0,1,0,0
45,3,5154,5,0,0,1,1,0,0,0,0,0,0,0,0,1,0,0,1,0
36,2,6962,0,0,1,0,1,0,0,0,0,0,0,0,1,0,0,0,1,0
43,4,5675,7,0,0,1,0,1,0,0,0,0,0,0,0,1,0,0,1,0
27,4,2379,0,0,1,0,1,0,0,0,1,0,0,0,0,0,0,0,0,1
29,4,3812,3,0,1,0,0,1,0,0,1,0,0,0,0,0,0,0,1,0
32,4,4648,0,0,0,1,0,1,0,0,0,0,0,0,0,1,0,0,0,1
42,3,2936,3,0,1,0,0,1,0,0,0,0,0,0,1,0,0,0,1,0
47,3,2105,2,0,1,0,1,0,0,0,1,0,0,0,0,0,0,0,0,1
46,4,8578,4,0,1,0,0,1,0,0,0,0,1,0,0,0,0,1,0,0
28,4,2706,2,1,0,0,0,1,0,1,0,0,0,0,0,0,0,1,0,0
29,3,6384,1,0,1,0,0,1,1,0,0,0,0,0,0,0,0,1,0,0
42,3,3968,0,0,1,0,0,1,0,0,1,0,0,0,0,0,0,0,0,1
32,2,9907,2,0,0,1,0,1,0,0,0,0,0,0,0,1,0,0,0,1
46,1,13225,2,0,0,1,1,0,0,0,0,0,0,0,0,1,0,1,0,0
27,3,3540,5,0,0,1,1,0,0,0,0,0,0,0,0,0,1,0,1,0
29,2,2804,0,1,0,0,0,1,0,1,0,0,0,0,0,0,0,0,1,0
43,3,19392,6,0,1,0,1,0,0,0,0,1,0,0,0,0,0,0,1,0
48,2,19665,12,0,1,0,0,1,0,0,0,0,0,1,0,0,0,0,1,0
29,4,2439,1,0,1,0,0,1,0,0,0,0,0,0,1,0,0,0,0,1
46,2,7314,0,0,0,1,1,0,0,0,0,0,0,0,0,1,0,0,1,0
27,1,4774,7,0,1,0,1,0,0,0,0,0,0,0,1,0,0,0,1,0
39,4,3902,2,0,1,0,0,1,0,0,0,0,0,0,1,0,0,1,0,0
55,4,2662,0,0,1,0,0,1,0,0,0,0,0,0,1,0,0,0,1,0
28,2,2856,0,0,0,1,1,0,0,0,0,0,0,0,0,0,1,0,1,0
30,4,1081,0,0,0,1,0,1,0,0,0,0,0,0,0,0,1,0,0,1
22,2,2472,0,0,1,0,0,1,0,0,0,0,0,0,1,0,0,0,0,1
36,3,5673,1,0,0,1,1,0,0,0,0,0,0,0,0,1,0,0,1,0
31,3,4197,0,0,1,0,0,1,0,0,1,0,0,0,0,0,0,1,0,0
34,4,9713,1,0,0,1,0,1,0,0,0,0,0,0,0,1,0,0,1,0
29,1,2062,1,0,1,0,0,1,0,0,1,0,0,0,0,0,0,0,0,1
37,1,4284,0,0,1,0,0,1,0,0,0,0,0,0,1,0,0,0,1,0
35,2,4788,0,0,1,0,1,0,0,0,0,0,1,0,0,0,0,0,1,0
45,4,5906,3,0,1,0,1,0,0,0,0,0,1,0,0,0,0,0,1,0
36,4,3886,0,1,0,0,0,1,0,1,0,0,0,0,0,0,0,0,0,1
40,1,16823,11,0,1,0,0,1,0,0,0,1,0,0,0,0,0,1,0,0
26,3,2933,1,0,1,0,1,0,0,0,0,0,0,0,1,0,0,0,1,0
27,3,6500,0,0,0,1,1,0,0,0,0,0,0,0,0,1,0,0,0,1
48,4,17174,4,0,1,0,1,0,0,0,0,1,0,0,0,0,0,1,0,0
44,1,5033,2,0,1,0,0,1,1,0,0,0,0,0,0,0,0,0,1,0
34,1,2307,3,0,1,0,0,1,0,0,0,0,0,0,1,0,0,0,1,0
56,4,2587,1,0,1,0,0,1,0,0,1,0,0,0,0,0,0,0,0,1
36,2,5507,1,0,0,1,0,1,0,0,0,0,0,0,0,1,0,0,1,0
41,2,4393,1,0,0,1,1,0,0,0,0,0,0,0,0,1,0,0,1,0
42,1,13348,5,0,1,0,0,1,0,0,0,0,0,1,0,0,0,0,1,0
31,4,6583,1,0,0,1,1,0,0,0,0,0,0,0,0,1,0,1,0,0
34,4,8103,0,0,0,1,1,0,0,0,0,0,0,0,0,1,0,0,1,0
31,3,3978,2,0,1,0,1,0,0,0,1,0,0,0,0,0,0,1,0,0
26,4,2544,7,0,1,0,0,1,0,0,1,0,0,0,0,0,0,0,1,0
45,3,5399,0,0,1,0,0,1,1,0,0,0,0,0,0,0,0,0,0,1
33,3,5487,0,0,0,1,0,1,0,0,0,0,0,0,0,1,0,0,0,1
28,4,6834,0,0,0,1,0,1,0,0,0,0,0,0,0,1,0,0,1,0
29,1,1091,0,0,0,1,0,1,0,0,0,0,0,0,0,0,1,0,0,1
39,3,5736,1,0,0,1,1,0,0,0,0,0,0,0,0,1,0,0,1,0
27,2,2226,1,0,1,0,0,1,0,0,0,0,0,0,1,0,0,0,1,0
34,4,5747,6,0,1,0,0,1,0,0,0,0,0,0,1,0,0,0,1,0
28,3,9854,2,0,0,1,1,0,0,0,0,0,0,0,0,1,0,0,0,1
47,2,5467,1,0,1,0,0,1,0,0,0,0,0,0,1,0,0,0,1,0
56,1,5380,0,0,0,1,1,0,0,0,0,0,0,0,0,1,0,0,1,0
39,1,5151,7,0,1,0,0,1,0,0,0,0,1,0,0,0,0,0,1,0
38,2,2133,0,0,1,0,1,0,0,0,0,0,0,0,1,0,0,1,0,0
58,4,17875,0,0,0,1,1,0,0,0,0,1,0,0,0,0,0,0,1,0
32,3,2432,0,0,1,0,1,0,0,0,0,0,0,0,1,0,0,0,0,1
38,4,4771,0,0,1,0,0,1,0,0,0,0,0,0,1,0,0,1,0,0
49,4,19161,4,0,1,0,0,1,0,0,0,0,0,1,0,0,0,0,1,0
42,4,5087,0,0,0,1,0,1,0,0,0,0,0,0,0,1,0,1,0,0
27,2,2863,0,1,0,0,1,0,0,1,0,0,0,0,0,0,0,0,1,0
35,1,5561,0,0,0,1,0,1,0,0,0,0,0,0,0,1,0,0,1,0
28,3,2144,1,0,1,0,0,1,0,0,0,0,0,0,1,0,0,0,0,1
31,1,3065,2,0,1,0,0,1,0,0,0,0,0,0,1,0,0,1,0,0
36,2,2810,0,0,1,0,0,1,0,0,1,0,0,0,0,0,0,0,1,0
34,4,9888,2,0,0,1,0,1,0,0,0,0,0,0,0,1,0,0,0,1
34,3,8628,1,0,0,1,0,1,0,0,0,0,0,0,0,1,0,1,0,0
26,1,2867,7,0,1,0,0,1,0,0,1,0,0,0,0,0,0,0,0,1
29,1,5373,0,0,1,0,0,1,1,0,0,0,0,0,0,0,0,0,1,0
32,4,6667,1,0,1,0,1,0,1,0,0,0,0,0,0,0,0,1,0,0
31,1,5003,8,0,1,0,0,1,0,0,0,0,0,0,1,0,0,0,1,0
28,4,2367,0,0,1,0,0,1,0,0,1,0,0,0,0,0,0,1,0,0
38,1,2858,0,0,0,1,0,1,0,0,0,0,0,0,0,0,1,0,0,1
35,4,5204,0,0,0,1,1,0,0,0,0,0,0,0,0,1,0,0,1,0
27,4,4105,0,0,0,1,0,1,0,0,0,0,0,0,0,1,0,0,0,1
32,4,9679,0,0,1,0,0,1,0,0,0,0,1,0,0,0,0,0,0,1
31,4,5617,0,0,0,1,0,1,0,0,0,0,0,0,0,1,0,0,1,0
53,1,10448,2,0,0,1,0,1,0,0,0,0,0,0,0,1,0,0,0,1
54,3,2897,2,0,1,0,1,0,0,0,0,0,0,0,1,0,0,0,1,0
33,3,5968,2,0,1,0,0,1,1,0,0,0,0,0,0,0,0,1,0,0
43,3,7510,0,0,1,0,0,1,1,0,0,0,0,0,0,0,0,0,1,0
38,2,2991,1,1,0,0,0,1,0,1,0,0,0,0,0,0,0,0,1,0
55,2,19636,1,1,0,0,0,1,0,0,0,1,0,0,0,0,0,0,1,0
31,4,1129,0,0,1,0,1,0,0,0,1,0,0,0,0,0,0,1,0,0
39,1,13341,11,0,0,1,0,1,0,0,0,0,0,0,0,1,0,0,0,1
42,3,4332,3,0,1,0,0,1,0,0,0,0,0,0,1,0,0,0,0,1
31,3,11031,4,0,1,0,1,0,0,0,0,0,0,1,0,0,0,0,1,0
54,1,4440,1,0,1,0,1,0,0,0,0,0,1,0,0,0,0,0,0,1
24,3,4617,1,0,1,0,0,1,1,0,0,0,0,0,0,0,0,0,0,1
23,4,2647,1,0,1,0,0,1,0,0,1,0,0,0,0,0,0,0,0,1
40,3,6323,9,0,1,0,1,0,0,0,1,0,0,0,0,0,0,0,1,0
40,2,5677,5,0,0,1,1,0,0,0,0,0,0,0,0,1,0,0,1,0
25,2,2187,1,1,0,0,1,0,0,1,0,0,0,0,0,0,0,0,1,0
30,2,3748,1,0,1,0,0,1,0,0,1,0,0,0,0,0,0,0,1,0
25,3,3977,0,0,1,0,0,1,0,0,1,0,0,0,0,0,0,1,0,0
47,3,8633,12,0,1,0,0,1,1,0,0,0,0,0,0,0,0,0,0,1
33,3,2008,0,0,1,0,0,1,0,0,1,0,0,0,0,0,0,1,0,0
38,2,4440,5,0,0,1,0,1,0,0,0,0,0,0,0,1,0,0,1,0
31,3,3067,1,0,0,1,0,1,0,0,0,0,0,0,0,0,1,0,1,0
38,3,5321,7,0,1,0,0,1,0,0,0,0,1,0,0,0,0,0,1,0
42,1,5410,1,0,1,0,0,1,0,0,0,0,0,0,1,0,0,1,0,0
41,4,2782,1,0,1,0,0,1,0,0,0,0,0,0,1,0,0,0,1,0
47,2,11957,5,0,1,0,1,0,0,0,0,0,0,1,0,0,0,0,1,0
35,3,2660,2,0,1,0,0,1,0,0,1,0,0,0,0,0,0,0,1,0
22,3,3375,1,0,1,0,0,1,0,0,0,0,0,0,1,0,0,0,0,1
35,3,5098,0,0,1,0,0,1,0,0,0,0,0,0,1,0,0,0,0,1
33,4,4878,8,0,1,0,1,0,1,0,0,0,0,0,0,0,0,0,1,0
32,2,2837,4,0,1,0,1,0,0,0,1,0,0,0,0,0,0,0,0,1
40,4,2406,0,0,1,0,0,1,0,0,1,0,0,0,0,0,0,0,1,0
32,2,2269,2,0,0,1,0,1,0,0,0,0,0,0,0,0,1,0,1,0
39,4,4108,1,0,1,0,0,1,0,0,0,0,0,0,1,0,0,0,0,1
38,3,13206,1,0,1,0,1,0,0,0,0,0,0,1,0,0,0,0,1,0
32,4,10422,5,0,0,1,1,0,0,0,0,0,0,0,0,1,0,0,1,0
37,4,13744,6,0,1,0,1,0,0,0,0,0,0,1,0,0,0,0,1,0
25,3,4907,0,0,0,1,1,0,0,0,0,0,0,0,0,1,0,1,0,0
52,4,3482,0,0,0,1,0,1,0,0,0,0,0,0,0,0,1,1,0,0
44,4,2436,1,0,1,0,0,1,0,0,0,0,0,0,1,0,0,0,0,1
21,1,2380,1,0,0,1,0,1,0,0,0,0,0,0,0,0,1,0,0,1
39,4,19431,1,0,1,0,0,1,0,0,0,1,0,0,0,0,0,0,0,1
23,1,1790,1,0,0,1,0,1,0,0,0,0,0,0,0,0,1,0,1,0
36,4,7644,3,0,0,1,1,0,0,0,0,0,0,0,0,1,0,0,1,0
36,2,5131,0,0,1,0,1,0,0,0,0,0,1,0,0,0,0,1,0,0
56,3,6306,1,0,1,0,0,1,1,0,0,0,0,0,0,0,0,1,0,0
29,4,4787,2,0,1,0,0,1,0,0,0,0,0,0,1,0,0,0,1,0
42,3,18880,4,0,1,0,0,1,0,0,0,1,0,0,0,0,0,0,1,0
56,3,2339,9,0,1,0,0,1,0,0,1,0,0,0,0,0,0,0,1,0
41,2,13570,0,0,1,0,1,0,0,0,0,0,1,0,0,0,0,0,1,0
34,3,6712,1,0,0,1,1,0,0,0,0,0,0,0,0,1,0,0,1,0
36,4,5406,11,0,0,1,0,1,0,0,0,0,0,0,0,1,0,1,0,0
41,2,8938,0,0,0,1,0,1,0,0,0,0,0,0,0,1,0,1,0,0
32,1,2439,1,0,1,0,0,1,0,0,0,0,0,0,1,0,0,0,0,1
35,4,8837,1,1,0,0,1,0,0,1,0,0,0,0,0,0,0,0,0,1
38,4,5343,1,0,0,1,1,0,0,0,0,0,0,0,0,1,0,0,1,0
50,3,6728,0,0,0,1,0,1,0,0,0,0,0,0,0,1,0,1,0,0
36,4,6652,0,0,0,1,1,0,0,0,0,0,0,0,0,1,0,0,1,0
45,3,4850,0,0,0,1,1,0,0,0,0,0,0,0,0,1,0,0,0,1
40,3,2809,2,0,1,0,0,1,0,0,0,0,0,0,1,0,0,0,0,1
35,3,5689,0,0,1,0,0,1,1,0,0,0,0,0,0,0,0,0,1,0
40,3,2001,0,0,1,0,1,0,0,0,0,0,0,0,1,0,0,0,1,0
35,4,2977,1,0,1,0,1,0,0,0,0,0,0,0,1,0,0,0,1,0
29,2,4025,0,0,1,0,0,1,0,0,1,0,0,0,0,0,0,0,1,0
29,1,3785,0,0,1,0,1,0,0,0,0,0,0,0,1,0,0,0,0,1
50,1,10854,2,0,0,1,0,1,0,0,0,0,0,0,0,1,0,1,0,0
39,4,12031,9,0,0,1,1,0,0,0,0,0,0,0,0,1,0,0,1,0
31,1,9936,1,0,1,0,0,1,0,0,0,0,1,0,0,0,0,0,0,1
26,3,2966,0,0,0,1,1,0,0,0,0,0,0,0,0,0,1,0,0,1
36,4,2571,0,0,1,0,0,1,0,0,1,0,0,0,0,0,0,0,1,0
39,1,9991,1,0,1,0,0,1,1,0,0,0,0,0,0,0,0,0,1,0
27,2,6142,0,0,1,0,0,1,0,0,0,0,1,0,0,0,0,0,1,0
49,2,5390,0,0,0,1,0,1,0,0,0,0,0,0,0,1,0,0,1,0
34,3,4404,1,0,1,0,0,1,0,0,1,0,0,0,0,0,0,0,1,0
